ID,Tên công việc,Mô tả,ID lĩnh vực,Loại công việc,Loại lương,Yêu cầu
1,Lập trình web bán hàng,Cần lập trình viên có ít nhất 2 năm kinh nghiệp với các công nghệ có liên quan,1,1,2,
2,Thiết kế giao diện website,"<p><strong>Cần người c&oacute; kinh nghiệm về Frontend</strong></p>
",1,2,1,
1002,Lập trình web bán hàng,Cần có kỹ năng,2,1,2,
2002,Dự án demo,Mô tả dự án,1,1,2,
3010,Lập bảng tính (chứa công thức) số liệu trong excel,"<p>T&ocirc;i cần lập 1 trang t&iacute;nh Excel chứa c&ocirc;ng thức t&iacute;nh to&aacute;n c&aacute;c số liệu nhập v&agrave;o để ra 1 kết quả cụ thể</p>
",1030,1,2,"<p>Từng l&agrave;m dự &aacute;n tương tự</p>
"
3012,Thiết kế App quản lý bảo trì,"<p>Thiết kế APP sử dụng cho c&ocirc;ng ty cần c&oacute; c&aacute;c chức năng ch&iacute;nh như sau:</p>

<p>1) Quản l&yacute; t&agrave;i sản.</p>

<p>2) Quản l&yacute; c&ocirc;ng việc.</p>

<p>3) Quản l&yacute; kế hoạch bảo tr&igrave;.</p>

<p>4) B&aacute;o c&aacute;o, ghi nhận c&aacute;c th&ocirc;ng tin tiến độ sau bảo tr&igrave;.</p>

<p>5) Xuất được dữ liệu.</p>

<p>6) Bảo tr&igrave;, chỉnh sửa app theo y&ecirc;u cầu.</p>

<p>7) Sử dụng 2 ng&ocirc;n ngữ Việt, Anh</p>
",1030,1,2,"<p>kh&ocirc;ng y&ecirc;u cầu</p>
"
3013,Seeding trên mạng xã hội,"<p>- Seeding tr&ecirc;n trang mạng x&atilde; hội theo y&ecirc;u cầu của nh&agrave; tuyển dụng</p>

<p>- Đ&atilde; c&oacute; mẫu, chỉ cần follow theo l&agrave; c&oacute; thể l&agrave;m được</p>
",1035,2,1,"<p>kh&ocirc;ng y&ecirc;u cầu</p>
"
3014,"Chuyên viên Email, Zalo Marketing & Digital Marketing","<p>- Quản l&yacute; lịch email, zalo gửi số lượng v&agrave; chủ đề, x&aacute;c định nhịp dựa tr&ecirc;n kiểm tra hiệu suất, c&aacute;c phương ph&aacute;p hay nhất v&agrave; xu hướng của ng&agrave;nh.</p>

<p>- Quản l&iacute; v&agrave; thiết lập phễu email marketing, zalo marketing tr&ecirc;n hệ thống.</p>

<p>- Quản l&yacute; quy tr&igrave;nh email, zalo marketing một c&aacute;ch hiệu quả, quản l&yacute; c&aacute;c chương tr&igrave;nh đạt đến chỉ số nhất định về tỉ lệ mở, tỉ lệ xem &hellip; g&oacute;p phần gia tăng tỉ lệ mua h&agrave;ng, tỉ lệ chuyển đổi.</p>

<p>- Kiểm tra c&aacute;c mẫu email, zalo v&agrave; cấu tr&uacute;c nhắn tin để x&aacute;c định phương ph&aacute;p tiếp cận s&aacute;ng tạo tối ưu. Tạo nội dung email cho người d&ugrave;ng cũ.</p>

<p>- X&aacute;c định v&agrave; ph&acirc;n t&iacute;ch cơ sở dữ liệu, h&agrave;nh vi / kỳ vọng của kh&aacute;ch h&agrave;ng để tăng cường cơ hội kinh doanh.</p>

<p>- Lập kế hoạch truyền th&ocirc;ng x&atilde; hội để ph&aacute;t triển c&aacute;c chiến dịch tiếp",1035,2,1,"<p>Y&ecirc;u cầu &iacute;t nhất 2 năm kinh nghiệm</p>
"
3015,FREELANCER FACEBOOK ADS,"<p>1. M&ocirc; Tả c&ocirc;ng việc:</p>

<p>- Thiết lập, triển khai v&agrave; quản l&yacute; c&aacute;c chiến dịch Quảng c&aacute;o tr&ecirc;n Facebook để th&uacute;c đẩy nhận diện thương hiệu, mức độ tương t&aacute;c v&agrave; chuyển đổi.</p>

<p>- Theo d&otilde;i v&agrave; ph&acirc;n t&iacute;ch hiệu suất chiến dịch, cung cấp b&aacute;o c&aacute;o chi tiết v&agrave; th&ocirc;ng tin chuy&ecirc;n s&acirc;u để tối ưu h&oacute;a v&agrave; cải thiện kết quả.</p>

<p>- Ph&acirc;n bổ v&agrave; quản l&yacute; ng&acirc;n s&aacute;ch quảng c&aacute;o hiệu quả để đảm bảo ROI tốt nhất cho mỗi chiến dịch.</p>

<p>- L&agrave;m việc chặt chẽ với nh&oacute;m s&aacute;ng tạo để ph&aacute;t triển c&aacute;c quảng c&aacute;o hấp dẫn v&agrave; nội dung thu h&uacute;t được đối tượng mục ti&ecirc;u</p>

<p>- Sử dụng c&aacute;c c&ocirc;ng cụ v&agrave; nền tảng ph&acirc;n t&iacute;ch để theo d&otilde;i số liệu hiệu suất v&agrave; đưa ra quyết định dựa tr&ecirc;n dữ liệu</p>

<p>- Lu&ocirc;n nắm bắt c&aacute;c xu hướng mới nhất, c&",1034,2,1,"<p>Cần khả nằng tư duy ph&acirc;n t&iacute;ch</p>
"
3016,Thiết kế Logo cho Công ty xuất khẩu trái cây,"<p>Thiết kế Logo cho C&ocirc;ng ty xuất khẩu tr&aacute;i c&acirc;y</p>

<p>---</p>

<p>M&agrave;u sắc: Sử dụng c&aacute;c m&agrave;u sắc nhẹ nh&agrave;ng v&agrave; tự nhi&ecirc;n như xanh l&aacute; c&acirc;y, v&agrave;ng, cam, đỏ, thể hiện sự tươi m&aacute;t, sức khỏe v&agrave; sự tự nhi&ecirc;n.</p>

<p>Biểu tượng: Kết hợp với c&aacute;c biểu tượng thể hiện sự sống khỏe mạnh, tự nhi&ecirc;n, 2 b&agrave;n tay n&acirc;ng niu tr&aacute;i c&acirc;y.</p>

<p>Ph&ocirc;ng chữ: Chọn ph&ocirc;ng chữ r&otilde; r&agrave;ng, hiện đại, v&agrave; dễ đọc, c&ugrave;ng với một ch&uacute;t sự mềm mại để tạo cảm gi&aacute;c th&acirc;n thiện v&agrave; gần gũi.</p>

<p>Phong c&aacute;ch thiết kế: Sử dụng phong c&aacute;ch tối giản nhưng tinh tế để tạo sự chuy&ecirc;n nghiệp v&agrave; dễ nhận diện. Phong c&aacute;ch n&agrave;y cũng gi&uacute;p logo dễ d&agrave;ng được in tr&ecirc;n c&aacute;c sản phẩm v&agrave; bao b&igrave; kh&aacute;c nhau.</p>

<p>Th&ocirc;ng điệp: Đảm bảo logo truyền tải được th&ocirc;ng điệp về sự kết hợp g",1035,1,2,"<p>C&oacute; kinh nghiệm thiết kế logo</p>
"
3017,Thiết kế video giới thiệu sản phẩm,"<p>Cần thiết kế GIF ngắn giới thiệu sản phẩm số (website, mobileapp)</p>

<p>V&iacute; dụ: https://dribbble.com/shots/24455042-Vet-App-Mobile-Design</p>
",1035,1,2,"<p>Cần c&oacute; kỹ năng thiết kế</p>
"
3018,Edit video ngắn tầm 1 phút -2 phút,"<p>Bạn c&oacute; thể cung cấp dịch vụ n&agrave;y?&nbsp;<a href=""https://www.vlance.vn/a/1728265/edit#service-can-provide"">Th&ecirc;m v&agrave;o hồ sơ l&agrave;m việc</a>.</p>

<p>C&ocirc;ng ty Bất Động Sản H&agrave; Đ&ocirc; Ph&aacute;t cần tuyển 02 cộng t&aacute;c vi&ecirc;n media</p>

<p>- Lĩnh vực : bất động sản</p>

<p>-Số lượng : 02</p>

<p>-Lương theo sản phẩm</p>

<p>- Nội dung y&ecirc;u cầu : edit video ngắn tầm 1 ph&uacute;t - 2 ph&uacute;t</p>

<p>- Y&ecirc;u cầu : đảm bảo đ&uacute;ng tiến độ , l&agrave;m việc chuy&ecirc;n nghiệp , trung thực, linh hoạt , nhanh nhẹn, s&aacute;ng tạo,&hellip;</p>
",1035,1,2,"<ul>
	<li>Kiến thứ về bất động sản</li>
	<li>kỹ năng edit video</li>
</ul>
"
3019,Chụp ảnh sản phẩm,"<p>M&ocirc; tả dự &aacute;n:</p>

<p>Sản phẩm: Bộ sản phẩm nến thơm m&ugrave;a đ&ocirc;ng, gồm 11 sản phẩm v&agrave; 7 combo.</p>

<p>Phong c&aacute;ch chụp ảnh: Ấm &aacute;p, tinh tế, tối giản. Freelancer cần thể hiện r&otilde; n&eacute;t thiết kế v&agrave; chất liệu của sản phẩm qua c&aacute;c g&oacute;c chụp, tạo cảm gi&aacute;c ấm c&uacute;ng ph&ugrave; hợp với m&ugrave;a đ&ocirc;ng.</p>

<p>Số lượng ảnh:</p>

<p>Mỗi sản phẩm v&agrave; combo sẽ chụp khoảng 5 tấm ảnh.</p>

<p>Tổng số ảnh dự kiến: 90 tấm.</p>

<p>Y&ecirc;u cầu về người mẫu: Kh&ocirc;ng cần người mẫu, chỉ tập trung chụp sản phẩm.</p>

<p>Y&ecirc;u cầu cụ thể cho freelancer:</p>

<p>Chuẩn bị bối cảnh v&agrave; ph&ocirc;ng nền:</p>

<p>Freelancer tự chuẩn bị bối cảnh chụp, c&oacute; thể sử dụng ph&ocirc;ng nền đơn sắc, vật dụng trang tr&iacute; tối giản nhằm l&agrave;m nổi bật sản phẩm.</p>

<p>Sử dụng &aacute;nh s&aacute;ng tự nhi&ecirc;n hoặc &aacute;nh s&aacute;ng dịu nhẹ, tr&aacute;nh đổ b&oacute;ng mạnh để tạo cảm gi&aacute;c ấm &aacute;",1035,1,1,"<p>- kỹ năng xử dụng mạng x&atilde; hội</p>

<p>- Kỹ năng chụp ảnh</p>
"
3020,"Chụp ảnh, quay clip resort ở Mũi Né","<p>M&igrave;nh b&ecirc;n agency, cần t&igrave;m người quay chụp chuy&ecirc;n nghiệp cho kh&aacute;ch h&agrave;ng l&agrave; resort 5 sao ở Mũi N&eacute;. Bạn n&agrave;o l&agrave;m được th&igrave; nhắn m&igrave;nh nh&eacute;.</p>
",1035,1,2,"<p>Kỹ năng chụp ảnh v&agrave; l&agrave;m clip</p>
"
3021,Mình cần quay chụp không gian nội thất nhà ở,"<p>M&igrave;nh cần t&igrave;m bạn quay chụp kh&ocirc;ng gian nội thất nh&agrave; ở</p>

<p>- Chụp ảnh v&agrave; xử l&yacute; ảnh</p>

<p>- Quay dựng video dưới 10p</p>
",1035,1,2,"<p>- video editing</p>

<p>- chụp ảnh</p>

<p>- xử l&yacute; ảnh</p>
"
3022,Chụp ảnh sản phẩm tiệm trà,"<p>Cần t&igrave;m 1 team 2 - 3 người chụp ảnh khoảng 40 sản phẩm cho tiệm tr&agrave;.</p>
",1035,1,1,"<p>Kỹ năng chụp ảnh tốt</p>
"
3023,Cần CTV viết bài SEO cho website mới tạo,"<p>B&ecirc;n m&igrave;nh cần tuyển ctv content viết nội dung chuẩn seo cho website v&agrave; tối ưu onpage cho website. C&ocirc;ng việc bao gồm :</p>

<p>- Tối ưu Onpage</p>

<p>- Viết b&agrave;i chi tiết sản phẩm điều h&ograve;a : Daikin, panasonic, Funiki, Casper, LG</p>

<p>- Viết b&agrave;i SEO từ kh&oacute;a theo kế hoạch</p>

<p>Y&ecirc;u cầu :</p>

<p>- B&agrave;i viết chuẩn SEO, internal link, tối ưu onpage, tối ưu c&aacute;c thẻ</p>

<p>- Tự l&ecirc;n kế hoạch viết b&agrave;i</p>

<p>- B&aacute;o c&aacute;o qua gg sheet</p>
",1038,2,1,"<p>Tốt nghiệp đại học</p>
"
3024,Tìm content freelancer mảng F&B,"<p>Viết b&agrave;i quảng c&aacute;o facebook mảng F&amp;B</p>

<p>Triển khai dựa tr&ecirc;n idea v&agrave; h&igrave;nh ảnh c&oacute; sẵn</p>
",1038,1,2,"<p>Tốt nghiệp đại học</p>
"
3025,"Nhập liệu, cập nhật sản phẩm cho fanpage facebook - Hợp tác thời vụ lâu dài","<p>Cập nhật sản phẩm fanpage.</p>

<p>- Đăng h&igrave;nh sản phẩm l&ecirc;n facebook để lấy link.</p>

<p>- Nhập th&ocirc;ng tin sản phẩm v&agrave;o spreadsheet tr&ecirc;n Drive. C&oacute; hơn 1000 sản phẩm thuộc c&aacute;c danh mục kh&aacute;c nhau.</p>

<p>- Tuỳ chỉnh nội dung sản phẩm.</p>

<p>M&igrave;nh mong sẽ hợp t&aacute;c l&acirc;u d&agrave;i v&igrave; sau c&aacute;i fanpage facebook m&igrave;nh sẽ c&oacute; nhiều thay đổi về sau. Dự định sẽ l&agrave;m 1 website b&aacute;n h&agrave;ng tren Haravan.</p>

<p>Hiện giờ facebook page, website đ&atilde; đi v&agrave;o hoạt động v&agrave; cập nhật của bạn sẽ l&ecirc;n ngay lập tức :)). Vai tr&ograve; của bạn rất quan trọng với doanh nghiệp của m&igrave;nh.</p>

<p>B&ecirc;n m&igrave;nh sẽ trả theo c&ocirc;ng việc ho&agrave;n th&agrave;nh chứ kh&ocirc;ng nhất thiết theo thời gian n&ecirc;n bạn c&oacute; thể đề xuất hay nghĩ ra c&aacute;ch l&agrave;m thuận tiện nhất v&agrave; đưa ra đề xuất để c&aacute;i tiến facebook page, website. Nếu l&agrave;m tốt c&ocirc",1035,2,1,"<p>Kỹ năng g&otilde; ph&iacute;a v&agrave; nhập liệu nhanh</p>
"
3026,Nhập liệu hóa đơn/chứng từ ,"<p>M&ocirc; tả chi tiết:</p>

<p>- Chụp h&igrave;nh, nhập h&oacute;a đơn v&agrave;o hệ thống. (t&agrave;i liệu tiếng anh)</p>

<p>- L&agrave;m trong 1-2 ng&agrave;y</p>

<p>- Nhận t&agrave;i liệu v&agrave; l&agrave;m tại nh&agrave;</p>

<p>Vị tr&iacute;: Nhận t&agrave;i liệu tại Quận 3 th&agrave;nh phố Hồ Ch&iacute; Minh.</p>

<p>Mức lương: 40k-50k/h</p>
",1035,2,1,"<p>L&agrave;m việc nhanh nhẹn</p>
"
3027,Cắt path-chỉnh màu sản phẩm,"<p>Sử dụng th&agrave;nh thạo pentool trong clipping path</p>

<p>Chỉnh m&agrave;u,đổi m&agrave;u v&agrave; l&agrave;m đều m&agrave;u c&aacute;c h&igrave;nh</p>
",1035,1,2,"<p>Từng l&agrave;m qua c&ocirc;ng việc tương tự</p>
"
3028,"Thiết kế Sweater, Hoodie, Jacket, Shoes 3D","<p>Team cần tuyển gấp 02 bạn c&oacute; kinh nghiệm tối thiểu 1 năm Thiết kế Sweater, Hoodie, Jacket, Shoes 3D...</p>
",1035,1,2,"<p>- c&oacute; mắt gu thẩm mỹ tốt</p>

<p>- nhanh nhẹn tự chủ trong c&ocirc;ng việc</p>

<p>- c&oacute; khả năng l&agrave;m mockup v&agrave; c&aacute;c y&ecirc;u cầu thiết kế kh&aacute;c</p>

<p>- C&oacute; am hiểu về thời trang l&agrave; 1 lợi thế</p>

<p>Đ&uacute;ng hẹn, tr&aacute;ch nhiệm trong c&ocirc;ng việc l&agrave; điều bắt buộc. Lương thoả thuận. Vui l&ograve;ng li&ecirc;n hệ, xin cảm ơn!</p>
"
3029,Content Creator cho sản phẩm Chatbot AI,"<p>1. M&ocirc; Tả C&ocirc;ng Việc</p>

<p>Ch&uacute;ng t&ocirc;i đang t&igrave;m kiếm một Content Creator s&aacute;ng tạo v&agrave; chuy&ecirc;n nghiệp c&oacute; kinh nghiệm trong sản xuất video quảng c&aacute;o để hỗ trợ tạo ra c&aacute;c video hấp dẫn, gi&uacute;p quảng b&aacute; phần mềm quản l&yacute; tin nhắn đa k&ecirc;nh. Ứng vi&ecirc;n sẽ l&agrave;m việc c&ugrave;ng đội ngũ marketing để x&acirc;y dựng c&aacute;c video truyền tải r&otilde; r&agrave;ng lợi &iacute;ch v&agrave; t&iacute;nh năng của phần mềm cho đối tượng kh&aacute;ch h&agrave;ng ch&iacute;nh l&agrave; doanh nghiệp vừa v&agrave; nhỏ (SME) v&agrave; c&aacute;c chủ doanh nghiệp trong c&aacute;c ng&agrave;nh như FnB, Spa, Gi&aacute;o dục, v&agrave; Du lịch.</p>

<p>2. Tr&aacute;ch Nhiệm C&ocirc;ng Việc</p>

<p>Ph&aacute;t triển &yacute; tưởng s&aacute;ng tạo, l&ecirc;n kịch bản cho c&aacute;c video quảng c&aacute;o.</p>

<p>Sản xuất c&aacute;c video chất lượng cao (2-5 ph&uacute;t) để giới thiệu t&iacute;nh năng nổi bật như ph&acirc;n t&iac",1035,2,1,"<p>Biết sử mạng x&atilde; hội</p>
"
3030,"Đưa ra kế hoạch, chiến lược cho công việc Starup bán áo thun local brand","<p>- Đưa ra kế hoạch tổng qu&aacute;t, chiến lược cho c&ocirc;ng việc</p>

<p>C&oacute; thể chọn l&agrave;m th&ecirc;m hỗ trợ hoặc quản l&yacute; c&aacute;c đầu việc sau (sẽ được trả th&ecirc;m theo thương lượng):</p>

<p>- Hỗ trợ x&acirc;y dựng thương hiệu v&agrave; Marketing</p>

<p>- T&igrave;m kiếm xưởng sản xuất: T&igrave;m một xưởng sản xuất uy t&iacute;n, c&oacute; chất lượng sản phẩm tốt v&agrave; gi&aacute; cả hợp l&yacute;.</p>

<p>- Quản l&yacute; chất lượng: Kiểm so&aacute;t chặt chẽ chất lượng sản phẩm trước khi đưa ra thị trường.</p>
",1034,2,1,"<p>C&oacute; kinh nghiệm c&ocirc;ng việc tương tự 2 năm</p>
"
3031,Viết plugin wordpress,"<p>T&ocirc;i cần viết mốt plugin cho ph&eacute;p kết nối đồng bộ giữa trang web của t&ocirc;i v&agrave; một b&ecirc;n thứ 3, đ&atilde; c&oacute; docs api sẵn</p>
",1030,1,2,"<p>C&oacute;&nbsp; kiến thức về lập tr&igrave;nh</p>
"
3032,Cần php senior maintain upgrade UI web theo figma,"<p>link dự &aacute;n</p>

<p>https://drive.google.com/drive/folders/11Dc6UmgBNpNJbGQpFNCaHa9HmxvdAW0Z?usp=sharing</p>
",1030,1,2,"<p>c&oacute; kinh nghiệp php 5 năm</p>
"
3033,Mình cần hỗ trợ tối ưu và chạy Quảng cáo Shopee,"<p>M&igrave;nh cần hỗ trợ tối ưu v&agrave; chạy Quảng c&aacute;o Shopee</p>

<p>Vui l&ograve;ng gửi th&ocirc;ng tin chi tiết qua nh&eacute;.</p>

<p>Xin cảm ơn.</p>
",1034,1,1,"<p>C&oacute; kinh nghiệm với c&ocirc;ng việc li&ecirc;n quan</p>
"
3034,Mình cần tìm 1 bạn có kinh nghiệm về phát triển nội dung kênh social,"<p>M&igrave;nh cần t&igrave;m 1 bạn c&oacute; kinh nghiệm về ph&aacute;t triển nội dung k&ecirc;nh social. M&igrave;nh cần l&ecirc;n kế hoạch bi&ecirc;n tập nội dung về tin tức thể thao b&oacute;ng đ&aacute; , phối hợp với editter để đăng nền nền tảng tiktok fb reel</p>
",1034,2,2,"<p>Biết bi&ecirc;n t&acirc;p v&agrave; c&oacute; kiến thức về thể thao</p>
"
3035,Thiết kế website giáo dục,"<p>1. Đ&aacute;nh gi&aacute; hiện trạn website hiện c&oacute;.</p>

<p>2. Thiết kế lại website dựa tr&ecirc;n website sẵn c&oacute; tr&ecirc;n nền tảng Workpress.</p>

<p>3. Quản l&yacute; website (nếu được).</p>
",1030,1,2,"<p>C&oacute; kỹ năng ph&acirc;n t&iacute;ch v&agrave; mắt thẩm mỹ</p>
"
3036,Làm video tiktok từ 45 -50s theo nội dung đã cho,"<p>Bạn sẽ nhận được một nội dung chủ đề v&agrave; dựng một video tiktok ph&ugrave; hợp với chủ đề đ&oacute;. Sau mỗi video bạn sẽ nhận được tiền lu&ocirc;n nếu video đạt y&ecirc;u cầu. Ch&uacute;ng t&ocirc;i cần t&igrave;m 1-2 bạn để hợp t&aacute;c l&acirc;u d&agrave;i. Vui l&ograve;ng gửi cho t&ocirc;i một v&agrave;i thiết kế m&agrave; bạn t&acirc;m đắc. Ch&uacute;ng t&ocirc;i sẽ check xem n&oacute; c&oacute; ph&ugrave; hợp với định hướng ch&uacute;ng t&ocirc;i trước khi đưa ra quyết định</p>
",1035,2,1,"<p>C&oacute; k&ecirc;nh tiktok với &iacute;t nhất 100 lượt theo d&otilde;i</p>
"
3037,"Làm video tiktok, youtube quảng cáo sản phẩm","<p>C&ocirc;ng ty Bất Động Sản H&agrave; Đ&ocirc; Ph&aacute;t cần tuyển 02 cộng t&aacute;c vi&ecirc;n media</p>

<p>- Lĩnh vực : bất động sản</p>

<p>-Số lượng : 02</p>

<p>-Lương thoả thuận</p>

<p>- Nội dung y&ecirc;u cầu : y&ecirc;u cầu quay , edit , đề xuất content ( nếu c&oacute; khả năng ), tư vấn hướng social media cho doanh nghiệp</p>
",1034,2,1,"<p>đảm bảo đ&uacute;ng tiến độ 2 ng&agrave;y 1 clip, l&agrave;m việc chuy&ecirc;n nghiệp , trung thực, linh hoạt , nhanh nhẹn, s&aacute;ng tạo,&hellip;</p>
"
3038,TVC Quảng Cáo Nhẫn Cưới/ Cầu Hôn,"<p>Cần 1 kịch bản TVC dạng phim ngắn 1 ph&uacute;t quảng c&aacute;o về sản phẩm trang sức nhẫn cưới/ nhẫn cầu h&ocirc;n</p>
",1034,1,2,"<p>Ngoại h&igrave;nh ưa nh&igrave;n, cao tr&ecirc;n 1m8</p>
"
3039,Trợ lý từ xa,"<p>T&igrave;m trợ l&yacute; từ xa, c&aacute;c c&ocirc;ng việc chủ yếu li&ecirc;n quan đến tổng hợp, thu thập, t&oacute;m tắt th&ocirc;ng tin, viết b&aacute;o c&aacute;o về c&aacute;c chủ đề m&ocirc;i trường, n&ocirc;ng nghiệp, biến đổi kh&iacute; hậu, ph&aacute;t triển bền vững, ...</p>
",1038,2,1,"<p>C&oacute; kinh nghiệm với lĩnh vực li&ecirc;n quan</p>
"
3040,Quản lý blog,"<p>T&igrave;m t&agrave;i liệu ph&aacute;p luật, tin tức li&ecirc;n quan cho blog</p>
",1035,2,1,"<p>Kh&ocirc;ng y&ecirc;u cầu kinh nghiệm</p>
"
3041,Chụp ảnh sự kiện tại Hà Nội,"<p>B&ecirc;n m&igrave;nh cần tuyển 1 bạn chụp h&igrave;nh sự kiện trao bằng ng&agrave;y 01/07/2024 từ 13:30-15:30 tại Ho&agrave;n Kiếm, H&agrave; Nội.</p>
",1035,1,2,"<p>C&oacute; kinh nghiệm chụp ảnh</p>
"
3042,Tìm freelancer chụp ảnh Hội thảo PVN tại TP.Hồ Chí Minh ,"<p>chụp sự kiện cho 130 người từ 13h00 đến 17h00 v&agrave; l&agrave;m 1 cjip ngắn 5 -10p - chụp gala 18h30 đến 20h</p>
",1035,1,2,"<p>C&oacute; kinh nghiệm chụp ảnh</p>
"
3043,Viết phần mềm đăng ký mua vàng online,"<p>T&ocirc;i muốn viết phần mềm đăng k&yacute; mua v&agrave;ng online (sử dụng phương thức http request). Trong đ&oacute;, c&oacute; c&aacute;c chức năng như: đăng k&yacute; nhiều t&agrave;i c&ugrave;ng l&uacute;c, c&oacute; chức năng hẹn giờ thực hiện, c&oacute; thể lặp lại hoạt động đăng k&yacute; sau khoảng thời gian n&agrave;o đ&oacute;</p>
",1030,1,2,"<p>Tốt nghiệp cao đẳng trở l&ecirc;n</p>
"
3044,Tuyển lập trình VueJS + Strapi,"<p>Cần tuyền 1 bạn Frontend Dev mid-level, l&agrave;m việc freelance + remote, tham gia team startup b&ecirc;n m&igrave;nh.</p>
",1030,2,1,"<p>Y&ecirc;u cầu c&oacute; 1-2 năm kinh nghiệm l&agrave;m việc với VueJS&nbsp;</p>
"
3045,Tìm bạn nào giỏi về vi phạm chính sách Facebook + phần mềm Facebook giúp mình quản lý group fanpage bằng phần mềm ,"<p># Tuyển Dụng: Chuy&ecirc;n Vi&ecirc;n Quảng C&aacute;o Facebook</p>
",1035,2,1,"<p>- C&oacute; tr&ecirc;n 1 năm kinh nghiệm chạy quảng c&aacute;o trong ng&agrave;nh cờ bạc (T&agrave;i Xỉu, Xổ Số, B&oacute;ng Đ&aacute;).</p>

<p>- Quen thuộc với nhiều loại quảng c&aacute;o v&agrave; c&oacute; khả năng chạy đa dạng c&aacute;c loại h&igrave;nh quảng c&aacute;o.</p>

<p>- Kỹ năng giải quyết c&aacute;c vấn đề như t&agrave;i khoản chết, chi ph&iacute; cao v&agrave; c&aacute;c kh&oacute; khăn kh&aacute;c trong qu&aacute; tr&igrave;nh chạy quảng c&aacute;o.</p>

<p>- Am hiểu c&aacute;ch l&aacute;ch c&aacute;c quy định về quảng c&aacute;o vi phạm ch&iacute;nh s&aacute;ch ng&agrave;nh cờ bạc.</p>

<p>## Tr&aacute;ch Nhiệm C&ocirc;ng Việc</p>

<p>1. **Điều Phối v&agrave; Chuẩn Bị T&agrave;i Liệu Quảng C&aacute;o**:</p>

<p>- Chịu tr&aacute;ch nhiệm điều phối v&agrave; chuẩn bị t&agrave;i liệu quảng c&aacute;o.</p>

<p>- Theo d&otilde;i kịp thời hiệu quả của t&agrave;i liệu quảng c&aacute;o.</p>

<p>- Tối ưu h&oacute;a li&ecirc;n tục v&agrave; thường xuy&ecirc;n tổng kết kết quả chạy quảng c&aacute"
3046,"Cần tìm Freelancer thiết kế website, gian hàng trên sàn TMĐT cho lĩnh vực bánh nhập từ Trung Quốc","<p>Ch&agrave;o c&aacute;c bạn Freelancer,</p>

<p>M&igrave;nh b&aacute;n b&aacute;nh ngọt nhập khẩu trung quốc với nước &eacute;p tr&aacute;i c&acirc;y đ&oacute;ng chai n&ecirc;n cần t&igrave;m freelancer thiết kế website với x&acirc;y dựng cửa h&agrave;ng tr&ecirc;n shoppee với tiktok.</p>

<p>C&ocirc;ng việc cụ thể như sau: Trang chủ, gian h&agrave;ng, mua h&agrave;ng, thanh to&aacute;n &hellip; tr&ecirc;n website v&agrave; s&agrave;n thương mại điện tử.</p>

<p>C&acirc;c bạn inbox để trao đổi chi tiết hơn ạ</p>
",1030,1,2,"<p>C&oacute; kinh nghiệm l&agrave;m phần mềm thương mại điện tử</p>
"
3047,Tạo video quảng cáo và đăng lên các nền tảng mạng xã hội Thị trường Mỹ ,"<p>Ch&uacute;ng t&ocirc;i đang t&igrave;m kiếm một TikToker, Facebooker, Youtuber tại thị trường Mỹ để tạo v&agrave; đăng tải video quảng c&aacute;o trải nghiệm ứng dụng DrawingEZ. Mục ti&ecirc;u l&agrave; thu h&uacute;t người d&ugrave;ng mới tải ứng dụng. Nếu bạn c&oacute; t&agrave;i khoản TikToker, Facebooker, Youtuber với lượng người theo d&otilde;i lớn v&agrave; kỹ năng s&aacute;ng tạo nội dung, h&atilde;y hợp t&aacute;c với ch&uacute;ng t&ocirc;i để giới thiệu ứng dụng vẽ độc đ&aacute;o n&agrave;y!</p>
",1035,2,2,"<p>T&agrave;i khoản TikToker, Facebooker, Youtuber thuộc thị trường Mỹ với lượng người theo d&otilde;i lớn v&agrave; tương t&aacute;c tốt.</p>

<p>C&oacute; kinh nghiệm tạo nội dung quảng c&aacute;o hoặc trải nghiệm sản phẩm.</p>

<p>Khả năng s&aacute;ng tạo video độc đ&aacute;o, hấp dẫn, v&agrave; tương t&aacute;c cao với người xem.</p>

<p>Quan t&acirc;m đến ứng dụng vẽ hoặc c&aacute;c nội dung li&ecirc;n quan đến s&aacute;ng tạo.</p>

<p>Tr&aacute;ch nhiệm:</p>

<p>Tạo v&agrave; đăng video trải nghiệm ứng dụng DrawingEZ, hướng dẫn người d&ugrave;ng tải v&agrave; sử dụng app.</p>

<p>Sử dụng chiến lược s&aacute;ng tạo để thu h&uacute;t đối tượng người d&ugrave;ng tại Mỹ.</p>

<p>Phối hợp với đội ngũ của ch&uacute;ng t&ocirc;i để đảm bảo th&ocirc;ng điệp quảng c&aacute;o ph&ugrave; hợp với ứng dụng.</p>

<p>Quyền lợi:</p>

<p>Cơ hội hợp t&aacute;c l&acirc;u d&agrave;i với ứng dụng s&aacute;ng tạo</p>
"
3048,Làm 01 video giới thiệu công ty ngắn + 01 video giới thiệu dịch vụ,"<p>Cần đối t&aacute;c x&acirc;y dựng 2 video:</p>

<p>- 01 video giới thiệu nhanh c&ocirc;ng ty (30s)</p>

<p>+ Dựa tr&ecirc;n mong muốn v&agrave; c&aacute;c nội dung doanh nghiệp muốn triển khai để l&ecirc;n idea</p>

<p>+ Quay chụp th&ecirc;m nguy&ecirc;n liệu cho video</p>

<p>+ Dựng v&agrave; trả video ho&agrave;n chỉnh độ ph&acirc;n giải 2K trở l&ecirc;n</p>

<p>- 01 video giới thiệu dịch vụ (60s)</p>

<p>+ Cần trao đổi off để hiểu r&otilde; chức năng của sản phẩm (phần mềm quản l&yacute; kho h&agrave;ng)</p>

<p>+ Dựng animation để kh&aacute;ch h&agrave;ng hiểu được chức năng sản phẩm</p>

<p>+ Độ ph&acirc;n giải 2K trở l&ecirc;n</p>
",1035,1,1,"<p>C&oacute; kinh nghiệm l&agrave;m dự &aacute;n tương tự</p>
"
3049,Xử lý khôi phục tài khoản bán hàng thương mại điện tử,"<p>Li&ecirc;n hệ đội ngũ chăm s&oacute;c kh&aacute;ch h&agrave;ng để xử l&yacute; kh&ocirc;i phục t&agrave;i khoản bản h&agrave;ng online</p>
",1035,1,1,"<p>+ C&oacute; m&aacute;y t&iacute;nh, laptop</p>

<p>+ Bi&ecirc;t tiếng anh giao tiếp để thực hiện live chat hoặc call support</p>
"
3050,Dịch hợp đồng kinh tế từ tiếng Việt ra tiếng Anh,"<p>Cần tuyển một bạn c&oacute; kinh nghiệm dịch thuật để dịch hợp đồng kinh tế từ tiếng Việt ra tiếng Anh.</p>
",1038,2,1,"<p>Y&ecirc;u cầu c&oacute; bằng đại học chuy&ecirc;n ng&agrave;nh tiếng Anh hoặc chứng chỉ tiếng Anh TOEFL, IELTS, TOEIC, CEFR...</p>
"
3051,Chụp ảnh món ăn nhà hàng ,"<p>Chụp h&igrave;nh 35 m&oacute;n ăn, mỗi m&oacute;n 2 g&oacute;c kh&aacute;c nhau</p>

<p>Chụp cận cảnh, y&ecirc;u cầu sắc n&eacute;t, m&agrave;u l&agrave;m m&oacute;n ăn hấp dẫn để l&agrave;m menu</p>
",1035,1,2,"<p>Nhiếp ảnh &iacute;t nhất 3 năm</p>
"
3052,LÀM VIỆC CHO WEBSITE LIKE SUB CÁC DỊCH VỤ MẠNG,"<p>Li&ecirc;n hệ để biết nội dung</p>
",1035,2,1,"<p>kh&ocirc;ng y&ecirc;u cầu kinh nghiệm thu nhập dựa tr&ecirc;n lượng sản phẩm b&aacute;n ra k&egrave;m theo hoa hồng</p>
"
3053,Unity Developer Needed for Game Fixes,"<p>I own a game currently running on Unity version 2017, and I need a Unity game developer to help me with the following tasks:</p>

<p>- Upgrade the project to Unity version 2020</p>

<p>- Fix issues with Ads not displaying</p>

<p>- Fix issues with Facebook login permissions not being granted</p>

<p>- Fix compatibility issues with external packages integrated into the project</p>
",1030,2,1,"<p>The project uses Spine 2D, so a developer with experience in Spine 2D is required.</p>
"
3054,Code bot Telegram ,"<p>T&ocirc;i muốn 1 con bot telegram th&ocirc;ng b&aacute;o cho t&ocirc;i giao dịch mới từ 1 địa chỉ v&iacute; tr&ecirc;n solscan.io</p>

<p>V&iacute; dụ : V&iacute; A chuyển 10 sol tới v&iacute; B, ngay lập tức bot telegram th&ocirc;ng b&aacute;o cho t&ocirc;i địa chỉ v&iacute; B đ&oacute; v&agrave; cho ph&eacute;p t&ocirc;i click v&agrave;o địa chỉ v&iacute; để copy lu&ocirc;n</p>

<p>V&agrave; t&ocirc;i muốn tự sửa được v&iacute; A v&agrave; số tiền chuyển</p>
",1030,1,2,"<p>Kinh nghiệm 2 năm</p>
"
3055,"Xây dựng kênh thương hiệu: Facebook fanpage, Insta, Pinterest","<p>&nbsp;- l&ecirc;n kế hoạch x&acirc;y dựng c&aacute;c k&ecirc;nh: fanpage, instagram, pinterest với đối tượng người xem l&agrave; kh&aacute;ch nước ngo&agrave;i (cụ thể UK)</p>

<p>- thực hiện kế hoạch đề ra</p>

<p>- b&aacute;o c&aacute;o về c&aacute;c th&ocirc;ng số kết quả khi x&acirc;y dựng k&ecirc;nh</p>
",3,2,1,"<p>hai năm kinh nghiệm với lĩnh vực tương đương</p>
"
3056,Nhân Viên Content Facebook thú cưng,"<p>Cần 1 bạn viết content đăng Facebook. Số lượng khoảng 15 b&agrave;i viết/th&aacute;ng c&oacute; chỉnh ảnh. Spam c&aacute;c group tr&ecirc;n group li&ecirc;n quan đến th&uacute; cưng</p>
",1038,2,1,"<p>Kh&ocirc;ng y&ecirc;u cầu kinh nghiệm</p>
"
3057,Quảng cáo google cho lớp học làm bánh,"<p>The flour cần tuyển 1 bạn c&oacute; kinh nghiệm gg ads hỗ trợ quảng c&aacute;o lớp học l&agrave;m b&aacute;nh</p>
",1034,1,2,"<p>một năm kinh nghiệm</p>
"
3058,Chạy VPS quốc tế tăng giờ xem youtube,"<p>Hiện tại b&ecirc;n m&igrave;nh đang c&oacute; dự &aacute;n quốc tế mảng Youtube , cần chạy 8000 giờ xem trong 10 ng&agrave;y.</p>
",1035,2,1,"<p>- Am hiểu chạy VPS quốc tế (ưu ti&ecirc;n VPS Us, Uk, Trung đ&ocirc;ng)</p>

<p>- Am hiểu thuật to&aacute;n của Youtube, Google</p>

<p>- Share link, viết b&agrave;i</p>

<p>- Seeding tiếng anh (c&oacute; thể d&ugrave;ng AI để seeding nhưng phải giống người thật)</p>

<p>Bạn n&agrave;o thấy thực lực của m&igrave;nh đủ y&ecirc;u cầu th&igrave; nhắn tin trực tiếp cho m&igrave;nh. Cảm ơn!</p>
"
3059,Thiết kế theo văn bản có sẵn,"<p>M&igrave;nh sẽ đưa mẫu cho c&aacute;c bạn chỉ cần l&agrave;m như mẫu l&agrave; được</p>
",1038,2,1,"<p>ch&iacute;nh x&aacute;c v&agrave; chỉnh chu</p>
"
3060,Nhân Viên Content Marketing Remote – Admin bóng đá,"<p>&bull; X&acirc;y dựng, quản l&yacute; nội dung tr&ecirc;n Fanpage, Telegram, Tiktok, Youtube của c&ocirc;ng ty (bao gồm chữ v&agrave; h&igrave;nh ảnh) theo định hướng c&oacute; sẵn</p>

<p>&bull; Tham gia c&ugrave;ng team x&acirc;y dựng v&agrave; quản l&yacute; c&aacute;c chiến dịch Marketing, đ&oacute;ng g&oacute;p c&aacute;c &yacute; tưởng nội dung s&aacute;ng tạo cho chiến dịch Digital Marketing.</p>

<p>&bull; Ưu ti&ecirc;n ứng vi&ecirc;n đ&atilde; c&oacute; kinh nghiệm l&agrave;m admin c&aacute;c page b&oacute;ng đ&aacute; lớn</p>
",1034,2,1,"<p>&bull; C&oacute; kỹ năng viết b&agrave;i quảng c&aacute;o, quản l&yacute; cộng đồng.</p>

<p>&bull; Sử dụng th&agrave;nh thạo vi t&iacute;nh văn ph&ograve;ng.</p>

<p>&bull; Đ&atilde; c&oacute; kinh nghiệm x&acirc;y dựng hoặc quản trị page, Telegram channel từ 1 năm, với c&aacute;c vị tr&iacute; tương đương: Content Viral, Content Creator</p>

<p>&bull; Tiếng Anh đọc hiểu cơ bản</p>

<p>&bull; C&oacute; khả năng tổng hợp th&ocirc;ng tin từ nhiều nguồn kh&aacute;c nhau.</p>

<p>&bull; C&oacute; khả năng thiết kế cơ bản l&agrave; lợi thế</p>
"
4041,Dự án demo 3,"<p>Lập tr&igrave;nh web</p>
",1,1,1,"<p>Y&ecirc;u cầu si&ecirc;ng năng chăm chỉ</p>
"
4042,App android & ios kiểm kê kho hàng ,"<p>- Chức năng tối thiểu:</p>

<p>+ Kiểm so&aacute;t số lượng h&agrave;ng nhập/xuất</p>

<p>+ B&aacute;o c&aacute;o theo ng&agrave;y, tuần, th&aacute;ng, qu&yacute;, năm</p>

<p>+ Quản l&yacute; chi nh&aacute;nh, nh&acirc;n vi&ecirc;n</p>

<p>+ Chat nội bộ nh&oacute;m, c&aacute; nh&acirc;n</p>

<p>+ Giao việc cho nh&acirc;n vi&ecirc;n</p>
",1030,2,1,"<p>c&oacute; 2 năm kinh nghiệm</p>
"
4043,Cần viết app lại đã có mã nguồn mở,"<p>Cần viết app ios v&agrave; android lại đ&atilde; c&oacute; m&atilde; nguồn mở. Mọi chi tiết li&ecirc;n hệ. Cảm ơn c&aacute;c bạn đ&atilde; xem tin.</p>
",1030,2,1,"<p>tốt nghiệm CNTT</p>
"
4044,"Tạo nội dung, chạy quảng cáo facebook","<p>Đọc v&agrave; hiểu c&aacute;c g&oacute;i dịch vụ của c&ocirc;ng ty để phục vụ cho việc tạo content, chạy campaign facebook ads, google ads.</p>
",3,2,1,"<p>kh&ocirc;ng y&ecirc;u cầu kinh nghiệm</p>
"
4045,FREELANCER FACEBOOK ADS,"<p>- Thiết lập, triển khai v&agrave; quản l&yacute; c&aacute;c chiến dịch Quảng c&aacute;o tr&ecirc;n Facebook để th&uacute;c đẩy nhận diện thương hiệu, mức độ tương t&aacute;c v&agrave; chuyển đổi.</p>

<p>- Theo d&otilde;i v&agrave; ph&acirc;n t&iacute;ch hiệu suất chiến dịch, cung cấp b&aacute;o c&aacute;o chi tiết v&agrave; th&ocirc;ng tin chuy&ecirc;n s&acirc;u để tối ưu h&oacute;a v&agrave; cải thiện kết quả.</p>

<p>- Ph&acirc;n bổ v&agrave; quản l&yacute; ng&acirc;n s&aacute;ch quảng c&aacute;o hiệu quả để đảm bảo ROI tốt nhất cho mỗi chiến dịch.</p>

<p>- L&agrave;m việc chặt chẽ với nh&oacute;m s&aacute;ng tạo để ph&aacute;t triển c&aacute;c quảng c&aacute;o hấp dẫn v&agrave; nội dung thu h&uacute;t được đối tượng mục ti&ecirc;u</p>

<p>- Sử dụng c&aacute;c c&ocirc;ng cụ v&agrave; nền tảng ph&acirc;n t&iacute;ch để theo d&otilde;i số liệu hiệu suất v&agrave; đưa ra quyết định dựa tr&ecirc;n dữ liệu</p>

<p>- Lu&ocirc;n nắm bắt c&aacute;c xu hướng mới nhất, c&aacute;c phương ph&aacute;p hay nhất v&a",3,1,2,"<p>- C&oacute; kinh nghiệm l&agrave;m việc tối thiểu 1 năm cho vị tr&iacute; tương đương. Từng triển khai ng&acirc;n s&aacute;ch quảng c&aacute;o lớn.</p>

<p>- C&oacute; kinh nghiệm triển khai thị trường Global : US, UK, EU...l&agrave; lợi thế</p>

<p>- Tiếng Anh th&agrave;nh thạo đạt điểm IELTS tr&ecirc;n 6.0 hoặc tương đương.</p>

<p>- Đ&atilde; trực tiếp chi ti&ecirc;u ng&acirc;n s&aacute;ch marketing lớn v&agrave; mang về doanh thu cho c&ocirc;ng ty (chuẩn bị sẵn case study trong CV xin việc).</p>

<p>- Nhạy b&eacute;n với xu hướng thị trường, xu hướng marketing, ứng dụng c&ocirc;ng nghệ-AI.</p>

<p>- C&oacute; kỹ năng chuy&ecirc;n m&ocirc;n vững chắc, bao gồm sự quen thuộc với Meta Ads Manager, c&aacute;c c&ocirc;ng cụ ph&acirc;n t&iacute;ch v&agrave; chiến lược nhắm mục ti&ecirc;u đối tượng.</p>

<p>- Ph&acirc;n t&iacute;ch dữ liệu: Hiểu v&agrave; kiểm so&aacute;t được c&aacute;c chỉ số quan trọng trong chiến dịch quảng c&aacute;o.</p>

<p>- Tư duy cầu tiến v&agrave; ham học hỏi, mong muốn bứt ph&aacu"
4046,Copy mẫu Poster thành file,"<p>Copy 1 mẫu poster từ file JPG sang PTS hoặc AI file.</p>

<p>H&igrave;nh c&oacute; sẵn, chỉ cần design sao cho giống y hệt l&agrave; được</p>
",1035,1,2,"<p>Biết sử dụng c&aacute;c c&ocirc;ng cụ photoshop</p>
"
4047,POD DESIGNER,"<p>- Thiết kế dạng new design, re-design (ko clone) c&aacute;c sản phẩm POD như: canvas, blanket, tumbler, ornament, stone, flag, ceramic,... theo &yacute; tưởng c&oacute; sẵn.</p>

<p>- Sửa mẫu theo y&ecirc;u cầu của Idea để tạo th&agrave;nh sản phẩm ho&agrave;n chỉnh.</p>

<p>- L&agrave;m việc th&ocirc;ng qua phần mềm Larksuit.</p>

<p>&nbsp;</p>
",1035,2,1,"<p>- C&oacute; &iacute;t nhất 1 năm kinh nghiệm ở mảng POD.</p>

<p>- Th&agrave;nh thạo Adobe Photoshop (bắt buộc).</p>

<p>- Kỹ năng vẽ cơ bản.</p>

<p>- Thẩm mỹ v&agrave; khả năng s&aacute;ng tạo tốt.</p>

<p>- C&oacute; thể nhận v&agrave; fix mẫu linh hoạt trong giờ h&agrave;nh ch&iacute;nh.</p>
"
4048,"Freelancer quay phim, dựng phim cho video 3ph","<p>M&igrave;nh cần quay phim ph&oacute;ng sự c&ocirc;ng ty v&agrave; dựng, chất lượng 4K, thời lượng 3ph bao gồm sources clip đ&atilde; mua sẵn. Scope:</p>

<p>1. Quay phim theo kịch bản c&oacute; sẵn. C&oacute; thể trao đổi kịch bản qua tin nhắn với m&igrave;nh. Quay tại Q. B&igrave;nh Thạnh, quay khoảng 3 tiếng</p>

<p>2. Dựng phim, l&agrave;m animation, transition theo đ&uacute;ng kịch bản</p>

<p>3. Biết team lồng tiếng, kết hợp lồng tiếng v&agrave; l&agrave;m sub</p>

<p>4. C&oacute; kinh nghiệm l&agrave;m video cho c&ocirc;ng ty. Th&ocirc;ng minh th&aacute;o v&aacute;t, flexible. D&ugrave;ng after effect, premier, c&oacute; thể thiết kế những element bổ sung cho clip m&igrave;nh dựng</p>

<p>&nbsp;</p>
",1035,1,2,"<p>1 năm kinh nghiệm</p>
"
4049,Dựng Video Bằng Capcut,"<p>- Nhận kịch bản, dựng clip theo order (clip dưới 1 phút).</p>

<p>- Dựng từ 50 - 100 video/tháng (tùy tháng).</p>

<p>&nbsp;</p>
",1035,1,2,"<p>kh&ocirc;ng y&ecirc;u cầu kinh nghiệm</p>
"
4050,Content marketing,"<p>content tr&ecirc;n đa nền tảng:</p>

<p>+ Blog cho Website</p>

<p>+ B&agrave;i post fanpage</p>

<p>+ Kịch bản video ngắn</p>

<p>+ Thư ngỏ dạng như 1 b&agrave;i b&aacute;n h&agrave;ng xuất sắc</p>

<p>&nbsp;</p>
",1038,1,2,"<p>c&oacute; kinh nghiệm lĩnh vực tương tự</p>
"
4051,Content writer cho cộng đồng người chơi POKER,"<p>- L&agrave;m việc với team Planning để đưa ra &yacute; tưởng v&agrave; triển khai &yacute; tưởng cho c&aacute;c chiến dịch dựa tr&ecirc;n kế hoạch của kh&aacute;ch h&agrave;ng (Insights, key message, tagline, content pillar, article outline, demo post, community topic&hellip;);</p>

<p>- Chịu tr&aacute;ch nhiệm lập kế hoạch nội dung tr&ecirc;n đa k&ecirc;nh để x&acirc;y dựng đề xuất ph&ugrave; hợp với y&ecirc;u cầu của kh&aacute;ch h&agrave;ng.</p>

<p>60% EXECUTION:</p>

<p>- Phụ tr&aacute;ch thực hiện to&agrave;n bộ nội dung cho c&aacute;c dự &aacute;n bao gồm branding, promotion... S&aacute;ng tạo v&agrave; sản xuất nội dung mạng x&atilde; hội cho tất cả c&aacute;c k&ecirc;nh như: Facebook, Tiktok, Landing Page</p>

<p>- L&agrave;m việc với team để điều chỉnh nội dung v&agrave; cấu tr&uacute;c b&agrave;i viết theo feedback của kh&aacute;ch h&agrave;ng.</p>

<p>- L&agrave;m việc tốt với team Thiết Kế đảm bảo h&igrave;nh ảnh s&aacute;ng tạo ph&ugrave; hợp với nội dung.</p>

<p>- Ph&acirc;n t&iacute;ch &a",1038,2,1,"<p>kh&ocirc;ng y&ecirc;u kinh nghiệm</p>
"
4052,Chụp Ảnh Áo Dài Tại Hoàng Thành,"<p>H&agrave; Nội</p>

<p>- cần t&igrave;m từ 1</p>

<p>- 2 nh&aacute;y chụp ảnh &aacute;o d&agrave;i nh&acirc;n dịp 8/3 tại Ho&agrave;ng Th&agrave;nh, c&oacute; chỉnh sửa ảnh sau khi chụp. Bạn n&agrave;o nhận được th&igrave; li&ecirc;n hệ nh&eacute; ạ.</p>
",1035,1,2,"<p>Thợ chụp tr&ecirc;n 2 năm kinh nghiệm</p>
"
4053,Quay phim,"<p>T&igrave;m 01 người quay phim c&oacute; sẵn thiết bị (camera, gimbal, ch&acirc;n m&aacute;y)</p>

<p>- Thời gian: 1 ng&agrave;y (trong th&aacute;ng 1, sắp xếp theo lịch của freelancer)</p>

<p>- Địa điểm: T&acirc;y Ninh (c&oacute; xe đưa đ&oacute;n tại Ph&uacute; Nhuận - HCM)</p>

<p>- Nội dung: quay nh&agrave; xưởng trong khu c&ocirc;ng nghiệp</p>
",1035,1,2,"<p>T&igrave;m người tay nghề cao</p>
"
4054,Tìm một bài viết bài SEO tầm 1000 - 1500 từ - tháng khoảng 50 bài ,"<p>- M&igrave;nh cần t&igrave;m một b&agrave;i viết b&agrave;i SEO v&agrave; cung cấp cho m&igrave;nh gi&aacute; tốt nh&eacute;</p>

<p>- Trung b&igrave;nh một th&aacute;ng khoảng 50 b&agrave;i SEO (Keyword plan b&ecirc;n m&igrave;nh sẽ gửi, m&igrave;nh chỉ viết onpage từ 1000-1500 từ, ảnh tải tr&ecirc;n mạng hoặc c&oacute; kh&aacute;ch b&ecirc;n m&igrave;nh cung cấp source th&igrave; c&aacute;c ban chỉ cần lấy ảnh đ&oacute; gắn logo v&agrave;o v&agrave; tải l&ecirc;n b&agrave;i th&ocirc;i).</p>

<p>- Với số lượng tối thiểu 50 b&agrave;i/th&aacute;ng n&ecirc;n m&igrave;nh cần bạn cung cấp gi&aacute; tốt</p>
",1038,2,1,"<p>Tốt nghiệm đại học</p>
"
4055,Viết kịch bản video thể hiện sứ mệnh của công ty,"<p>B&ecirc;n m&igrave;nh đang cần viết kịch bản thể hiện sứ mệnh của c&ocirc;ng ty nh&acirc;n kỉ niệm 10 năm, truyền cảm hứng, lan tỏa tới kh&aacute;ch h&agrave;ng.</p>

<p>Th&igrave; b&ecirc;n m&igrave;nh muốn thu&ecirc; kịch bản trước, bạn b&aacute;o gi&aacute; gi&uacute;p m&igrave;nh nh&eacute;, vid dưới 2 ph&uacute;t.</p>
",3,1,2,"<p>Kh&ocirc;ng y&ecirc;u cầu kinh nghiệm</p>
"
4056,Thiết kế video nền cho sản phẩm xổ số truyền thống & hiện đại,"<p>Thiết kế theo phong c&aacute;ch người d&ugrave;ng trực quan, trải nghiệm theo thời gian thực, s&aacute;ng/trưa/tối.</p>

<p>Hướng hiện đại, tinh tế, chuy&ecirc;n nghiệp, theo m&ocirc; tả ri&ecirc;ng cho ng&agrave;nh xổ số &amp; chung cho ng&agrave;nh t&agrave;i ch&iacute;nh</p>

<p>Hướng người chơi /mua v&eacute; số theo dạng t&agrave;i lộc, cầu may, số đỏ.</p>

<p>Video dạng nền ch&igrave;m, mờ, lồng tr&ecirc;n web, style , color theo định nghĩa m&ocirc; tả.</p>

<p>Dự kiến c&oacute; 01 video ch&iacute;nh cho nền site chủ, 2-3 video phụ cho c&aacute;c nền site con.</p>

<p>Thời gian kh&ocirc;ng gấp</p>

<p>Chi ph&iacute; vừa phải (gia c&ocirc;ng lại cho 3rd)</p>
",1035,1,2,"<p>kh&ocirc;ng qu&aacute; cầu kỳ, đơn giản, hiệu quả.</p>
"
4057,"Cần làm video về phong thủy, quay phim người thật review sản phẩm","<p>video tựa như thế n&agrave;y</p>

<p>https://drive.google.com/file/d/1pQMrkHumXMjtBwMAgJ84VjhZtWyMAxru/view</p>

<p>C&oacute; 1 người giới thiệu v&agrave; review như video</p>
",1035,1,2,"<p>Thiết kế đẹp mắt</p>
"
4058,Làm video amination động vật ( con bò ) trên Lottiefiles,"<p>Cần l&agrave;m video amination động vật ( con b&ograve; ) tr&ecirc;n Lottiefiles</p>

<p>Video M&ocirc; tả c&aacute;c chuyển động của b&ograve; khi được cho ăn, uống, tắm</p>

<p>Xuất video ra định dạng json tương th&iacute;ch Lottiefiles</p>
",1035,1,2,"<p>Kh&ocirc;ng y&ecirc;u cầu kinh nghiệm</p>
"
4059,"Thiết kế logo, nhận diện thương hiệu cho 1 doanh nghiệp software development ","<p>Thiết kế logo, bộ nhận diện thương hiệu cho 1 doanh nghiệp software development. Nếu c&oacute; thể th&igrave; cả website</p>
",1035,1,2,"<p>c&oacute; mắt thẩm mỹ</p>
"
4060,Chạy Quảng cáo Facebook cho tour trải nghiệm,"<p>1. Nghi&ecirc;n cứu hiện tại fanpage v&agrave; c&aacute;c sản phẩm định hướng chạy quảng c&aacute;o.2</p>

<p>2. Lập phương &aacute;n chạy quảng c&aacute;o ph&ugrave; hợp v&agrave; đ&uacute;ng đối tượng kh&aacute;ch h&agrave;ng y&ecirc;u cầu.</p>

<p>3. Đề xuất c&agrave;i đặt mẫu chạy c&aacute;c c&aacute;c g&oacute;i sản phẩm v&agrave; định hướng dịch vụ kh&aacute;c nhau.</p>
",3,1,2,"<p>c&oacute; khả năng nghi&ecirc;n cứu</p>
"
4061,Tuyển người hỗ trợ set up email marketting - lĩnh vực du lịch Việt Nam,"<p>M&igrave;nh cần t&igrave;m 1 bạn biết về design, UX,UI v&agrave; Mailchimp để thiết kế c&aacute;c email campaign cho mảng B2B.</p>

<p>C&ocirc;ng việc:</p>

<p>- Thiết kế template cho c&aacute;c email trong chiến dịch</p>

<p>- Design h&igrave;nh ảnh trang tr&iacute; cho email</p>

<p>Thời gian l&agrave;m việc linh hoạt</p>

<p>Mức lương: thỏa thuận.</p>
",3,2,1,"<p>c&oacute; khả năng thiết kế</p>
"
4062,"Làm video dự thi ""An toàn giao thông""","<p>Cần l&agrave;m 1 đoạn video ngắn tối đa 5 ph&uacute;t về chủ đề an to&agrave;n giao th&ocirc;ng.</p>

<p>Cần &yacute; tưởng mới lạ, video ho&agrave;n chỉnh, sau đ&oacute; sẽ c&oacute; học sinh lồng tiếng.</p>
",1035,1,2,"<p>C&oacute; sử dụng zalo&nbsp;</p>
"
4063,Vd ngắn giới thiệu về núi tượng homestay,"<p>l&agrave;m vd khoảng 4 5p giới thiệu về n&uacute;i tượng homestay, đ&atilde; c&oacute; vd quay sẵn chỉ cần dựng v&agrave; chỉnh sửa v&agrave; gh&eacute;p void v&agrave;o</p>
",1034,1,2,"<p>Kh&ocirc;ng y&ecirc;u cầu kinh nghiệm</p>
"
4064,Tiktok filter,"<p>T&ocirc;i cần x&acirc;y dựng 1 ứng dụng quay video như tiktok, chỉ phần quay video</p>
",1030,1,2,"<p>C&oacute; thể x&acirc;y linh hoạt được c&aacute;c filter, filter được đặt tr&ecirc;n server</p>
"
4065,Cần tìm người làm App kiểu Chùa Online,"<p>Bạn c&oacute; thể cung cấp dịch vụ n&agrave;y?&nbsp;<a href=""https://www.vlance.vn/a/1728265/edit#service-can-provide"">Th&ecirc;m v&agrave;o hồ sơ l&agrave;m việc</a>.</p>

<p>Xin ch&agrave;o mọi người.</p>

<p>M&igrave;nh đang cần t&igrave;m người Viết cho m&igrave;nh ứng dụng Ch&ugrave;a Online v&agrave; n&oacute; cần chạy tr&ecirc;n cả hai nền tảng Android v&agrave; IOS.</p>

<p>M&igrave;nh c&oacute; thể tham khảo c&aacute;ch l&agrave;m của ứng dụng sau:</p>

<p>https://play.google.com/store/apps/details?id=com.mandir</p>

<p>&Yacute; tưởng l&agrave; nơi d&agrave;nh cho Phật tử kiểu daily praying app trao đổi kinh nghiệm học phật c&uacute;ng dường etc.</p>

<p>Chi tiết b&agrave;n sau.</p>
",1030,1,2,"<p>C&oacute; 2 năm kinh nghiệm trở l&ecirc;n</p>
"
4066,Tuyển Team sản xuất video cho kênh TikTok của nhãn hàng thời trang đường phố Việt,"<p>Nh&atilde;n h&agrave;ng thời trang chuy&ecirc;n b&aacute;n h&agrave;ng tại Shopee, TikTok, c&oacute; văn ph&ograve;ng tại TPHCM. Ch&uacute;ng t&ocirc;i cần team sản xuất nội dung dạng video ngắn cho k&ecirc;nh TikTok nh&atilde;n h&agrave;ng mục ti&ecirc;u để kh&aacute;ch h&agrave;ng hiểu về sản phẩm v&agrave; tăng khả năng tương t&aacute;c mua h&agrave;ng của kh&aacute;ch h&agrave;ng.</p>

<p>X&acirc;y dựng kế hoạch nội dung:</p>

<p>_ Lập kế hoạch chi tiết cho nội dung tr&ecirc;n k&ecirc;nh TikTok của nh&atilde;n h&agrave;ng.</p>

<p>_ X&aacute;c định c&aacute;c chủ đề, xu hướng, v&agrave; th&ocirc;ng điệp cần truyền tải qua video.</p>

<p>_ Đề xuất lịch ph&aacute;t s&oacute;ng, thời gian tối ưu để tương t&aacute;c với kh&aacute;n giả.</p>

<p>Sản xuất nội dung:</p>

<p>_ Tạo video ngắn tr&ecirc;n nền nhạc, sử dụng hiệu ứng v&agrave; t&iacute;nh năng của TikTok.</p>

<p>_ Sử dụng trang phục thời trang đường phố của nh&atilde;n h&agrave;ng để tạo n&ecirc;n những video hấp dẫn.</p>

<p>_ Ch&uacute; trọng đ",1035,2,1,"<p>_ Kinh nghiệm l&agrave;m việc với TikTok hoặc c&aacute;c nền tảng tương tự.</p>

<p>_ Hiểu biết về thời trang đường phố v&agrave; xu hướng thời trang.</p>
"
4067,Tạo nhân vật hoạt hình cho công ty dọn dẹp vệ sinh,"<p>Giới thiệu chung</p>

<p>C&ocirc;ng ty: Dust Killer , dọn dẹp nh&agrave; cửa, dọn dẹp văn ph&ograve;ng, chung cư</p>

<p>về nh&acirc;n vật: nh&acirc;n vật dễ thương, lấy &yacute; tưởng con b&ograve;. m&agrave;u chủ đạo l&agrave; m&agrave;u v&agrave;ng</p>

<p>video theo dạng n&agrave;y: https://www.youtube.com/@MoominOfficial</p>

<p>Khai th&aacute;c kh&aacute;ch h&agrave;ng qua c&acirc;u truyện hoạt h&igrave;nh</p>

<p>M&ocirc; tả c&ocirc;ng việc:</p>

<p>Tạo nh&acirc;n vật hoạt h&igrave;nh cho c&ocirc;ng ty dọn dẹp vệ sinh</p>

<p>Sử dụng c&ocirc;ng nghệ AI để viết kịch bản s&aacute;ng tạo cho video TikTok.</p>

<p>Sản xuất v&agrave; chỉnh sửa 30 videos TikTok</p>

<p>X&acirc;y dựng c&acirc;u chuyện giả tưởng ho&agrave;n to&agrave;n. V&iacute; dụ: Bối cảnh l&agrave; 1 th&agrave;nh phố y&ecirc;n b&igrave;nh nhưng bỗng 1 ng&agrave;y bị người ngo&agrave;i h&agrave;nh tinh tấn c&ocirc;ng (qu&acirc;n đội vi khuẩn). Dust Killer từ 1 cậu b&eacute; b&igrave;nh thường (nh&acirc;n vật con b&ograve;) đ&atilde; đi ",1035,1,2,"<p>- h&igrave;nh ảnh c&aacute;c nh&acirc;n vật phải đồng bộ, giống nhau xuy&ecirc;n suốt c&aacute;c videos</p>

<p>- c&oacute; giọng n&oacute;i tiếng anh</p>

<p>- nhạc, &acirc;m thanh background nếu cần</p>

<p>- sub tiếng anh (d&ugrave;ng google hoặc AI translate)</p>

<p>Quyền lợi: thỏa thuận</p>
"
4068,Thuyết Minh Truyện Tranh ,"<p>Thuyết minh Manga</p>

<p>Tr&igrave;nh b&agrave;y manga v&agrave; gắn thuyết minh cho từng h&igrave;nh,</p>

<p>Đ&oacute;ng g&oacute;i v&agrave; gửi lại cho b&ecirc;n m&igrave;nh theo y&ecirc;u cầu</p>
",1036,2,1,"<p>Đ&atilde; từng l&agrave;m c&ocirc;ng việc tương tự</p>
"
4069,Dịch và chỉnh sửa nội dung canva anh-việt,"<p>Dịch nội dung flie canva từ tiếng anh - việt .&nbsp;</p>
",1038,2,1,"<p>Y&ecirc;u cầu tiếng anh expert để dịch chuẩn ngữ nghĩa</p>
"
4070,Viết đề tài sáng kiến kinh nghiệm lớp 4 đối tượng học sinh khuyết tật trí tuệ,"<p>Viết &yacute; tưởng mới, biện ph&aacute;p mới trong giảng dạy học sinh lớp 4 nhưng đối tượng học sinh khuyết tật, cụ thể l&agrave; học sinh chậm ph&aacute;t triển tr&iacute; tuệ, tự kỷ, down,&hellip;.</p>
",1038,1,2,"<p>Cần tốt nghiệm đại học</p>
"
4071,"Cộng tác viên Photophone quay chụp view phòng studio, quán caffee","<p>M&igrave;nh cần t&igrave;m một bạn freelance photophone c&oacute; thể chụp h&igrave;nh view ph&ograve;ng/ thời trang cho studio</p>

<p>1. ưu ti&ecirc;n c&oacute; biết set-up g&oacute;c chụp, kinh nghiệm chụp view ph&ograve;ng studio, qu&aacute;n caffee, flatlay sp, mẫu thời trang</p>

<p>2. Thời gian linh động kh&ocirc;ng b&oacute; buộc mỗi ca chụp chỉ 1-2 tiếng</p>

<p>3. mức lương thỏa thuận theo năng lực</p>

<p>4. Địa điểm stu tại Y&ecirc;n x&aacute;- Thanh tr&igrave; (gần hồ văn qu&aacute;n)</p>

<p>5. Y&ecirc;u cầu c&oacute; m&aacute;y iphone từ 13pr trở l&ecirc;n (hoặc m&aacute;y cơ)</p>
",1035,2,1,"<p>Kh&ocirc;ng y&ecirc;u cầu kinh nghiệm</p>
"
4072,"Mình cần freelancer đã có kinh nghiệm phát triển kênh Threads cho brand, nội dung chào giá dự án gồm:  - Thông tin kênh đã/ đang triển khai và kết quả  - Ưu tiên có kinh nghiệm research báo cáo nghiên cứu tệp khách hàng Threads và dạng nội dung hiệu quả có khả năng viral, yếu tố nào khiến nó tiếp cận đối tượng khách hàng tiềm năng hiệu quả,...","<p>ph&aacute;t triển k&ecirc;nh Threads cho brand, nội dung ch&agrave;o gi&aacute; dự &aacute;n gồm:</p>

<p>- Th&ocirc;ng tin k&ecirc;nh đ&atilde;/ đang triển khai v&agrave; kết quả</p>

<p>- Ưu ti&ecirc;n c&oacute; kinh nghiệm research b&aacute;o c&aacute;o nghi&ecirc;n cứu tệp kh&aacute;ch h&agrave;ng Threads v&agrave; dạng nội dung hiệu quả c&oacute; khả năng viral, yếu tố n&agrave;o khiến n&oacute; tiếp cận đối tượng kh&aacute;ch h&agrave;ng tiềm năng hiệu quả,...</p>
",1035,2,1,"<p>M&igrave;nh cần freelancer đ&atilde; c&oacute; kinh nghiệm</p>
"
4073,Tìm người Viết kịch bản cho kênh YouTube,"<p>T&igrave;m người Viết kịch bản cho k&ecirc;nh YouTube</p>

<p>T&ocirc;i đang t&igrave;m kiếm 1 bạn viết kịch bản cho k&ecirc;nh YouTube đ&aacute;p ứng c&aacute;c ti&ecirc;u ch&iacute; sau :</p>

<p>- Ng&ocirc;n ngữ: Tiếng Anh</p>

<p>- 1500 từ cho mỗi kịch bản</p>

<p>- Gi&aacute; 250.000đ cho mỗi kịch bản</p>

<p>- 7 kịch bản mỗi tuần</p>

<p>- Viết theo &yacute; tưởng bạn nhận được</p>

<p>- Kh&ocirc;ng bị tr&ugrave;ng lặp nội dung</p>

<p>- Chủ đề: sức khỏe</p>

<p>Xin c&aacute;m ơn</p>
",1038,2,1,"<p>gửi k&egrave;m một số kịch bản nội dung bạn đ&atilde; l&agrave;m trước đ&acirc;y.</p>
"
4074,Viết bài chuẩn SEO cho website,"<p>Cần 1 bạn c&oacute; kinh nghiệm cơ bản viết b&agrave;i chuẩn SEO cho website. C&oacute; thể d&ugrave;ng AI hỗ trợ, tuy nhi&ecirc;n phải đảm bảo ti&ecirc;u ch&iacute; SEO, v&agrave; đ&uacute;ng search intent. C&aacute;i n&agrave;y m&igrave;nh c&oacute; thể training th&ecirc;m cho bạn.</p>

<p>Viết theo kế hoạch keywords m&igrave;nh đưa ra.</p>

<p>Viết khoảng 30-50 b&agrave;i/th&aacute;ng. L&agrave;m tốt th&igrave; hợp t&aacute;c l&acirc;u d&agrave;i.</p>
",1038,2,1,"<p>Nhắn tin trực tiếp</p>
"
4075,Làm clip ngắn review sản phẩm ,"<p>Mỗi sản phẩm cần 1 clip revie giới thiệu về sản phẩm, d&ugrave;ng để đăng l&ecirc;n tiktok, youtube v&agrave; chạy quảng c&aacute;o</p>
",1035,1,2,"<p>Kh&ocirc;ng y&ecirc;u cầu kinh nghiệm&nbsp;</p>
"
4076,Tìm bạn nữ quay video giới thiệu sản phẩm,"<p>M&igrave;nh t&igrave;m bạn Nữ quay video giới thiệu t&iacute;nh năng sản phẩm, kh&ocirc;ng cần n&oacute;i chỉ cần ngồi thao t&aacute;c tay sản phẩm ( đồ gia dụng, điện tử).</p>
",3,1,2,"<p>&nbsp;Tiếng Anh tốt , l&ecirc;n kịch bản h&agrave;nh động cho video, Soạn lời thoại cho sản phẩm.</p>
"
4077,Mình cần làm các video ngắn giới thiệu sản phẩm không ,"<p>M&igrave;nh cần l&agrave;m c&aacute;c video ngắn giới thiệu sản phẩm Tạo website hoặc tuyển dụng kh&ocirc;ng cần lộ mặt review t&iacute;nh năng đăng k&ecirc;nh tiktok, toutube bạn n&agrave;o l&agrave;m được t&iacute;nh theo số lượng li&ecirc;n hệ m&igrave;nh</p>
",1035,1,2,"<p>Ngoại h&igrave;nh ưa nh&igrave;n</p>
"
4078,"Tuyển Freelancer Thiết kế Giao diện Web, Brochure, Landing Page, Tài liệu Marketing (Dự án)","<p>Tuyển Freelancer Thiết kế Giao diện Web, Brochure, Landing Page, T&agrave;i liệu Marketing (Dự &aacute;n)</p>

<p>M&ocirc; tả c&ocirc;ng việc:</p>

<p>Thiết kế UI cho website v&agrave; landing page.</p>

<p>Thiết kế brochure, t&agrave;i liệu marketing v&agrave; c&aacute;c ấn phẩm quảng c&aacute;o.</p>
",1035,2,1,"<p>C&oacute; kinh nghiệm thiết kế UI/UX, t&agrave;i liệu marketing.</p>

<p>Th&agrave;nh thạo c&ocirc;ng cụ thiết kế (Photoshop, Illustrator, Figma,...).</p>

<p>L&agrave;m việc theo dự &aacute;n</p>
"
4079,"Làm clip ngắn cho fanpage của mình, trả income theo số lượng video","<p>M&igrave;nh cần 1 editor cho fanpage của m&igrave;nh, video ngắn khoảng 5p, được cắt từ những buổi live stream, edit t&oacute;m tắt, c&agrave;ng h&agrave;i hước c&agrave;ng tốt.</p>
",1035,1,2,"<p>kh&ocirc;ng y&ecirc;u cầu kinh nghiệm</p>
"
4080,Phần mềm quản lý cơ sở dữ liệu hồ sơ nhân sự và quy trình nội bộ,"<p>(hướng đến việc đồng bộ th&ocirc;ng tin/cơ sở dữ liệu tr&ecirc;n nền tảng web, lưu trữ l&acirc;u d&agrave;i v&agrave; tr&iacute;ch xuất/tra cứu thuận lợi)</p>

<p>1. Quản l&yacute; cơ sở dữ liệu</p>

<p>- Tải dữ liệu l&ecirc;n website</p>

<p>- Nhập/xuất dữ liệu theo c&aacute;c trường th&ocirc;ng tin (c&oacute; thể tuỳ chỉnh)</p>

<p>- T&igrave;m kiếm th&ocirc;ng tin theo điều kiện của nhiều trường th&ocirc;ng tin./Kết quả t&igrave;m kiếm c&oacute; thể xuất theo c&aacute;c file dữ liệu gốc (tổng hợp nhiều kết quả hoặc ri&ecirc;ng rẽ từng kết quả)</p>

<p>- Gửi c&aacute;c dữ liệu kết quả t&igrave;m kiếm th&ocirc;ng qua email.</p>

<p>- ...(trao đổi trực tiếp)...</p>

<p>2. Quy tr&igrave;nh n&ocirc;i bộ</p>

<p>- Ph&acirc;n loại nh&acirc;n sự theo từng nh&oacute;m đối tượng, từng nh&oacute;m đối tượng sẽ &aacute;p dựng quy tr&igrave;nh theo d&otilde;i ri&ecirc;ng</p>

<p>- T&igrave;m kiếm được th&ocirc;ng tin nh&acirc;n sự theo trường th&ocirc;ng tin, tr&iacute;ch xuất được to&agrave;n bộ th&ocirc;ng tin/dữ",1039,2,1,"<p>Y&ecirc;u cầu kinh nghi&ecirc;m 5 năm</p>
"
4081,Mình cần 1 bạn làm phần mềm tool xoay proxy cho window,"<p>- C&oacute; giao diện sẵn l&agrave;m theo y&ecirc;u cầu</p>

<p>- Import apikey v&agrave;o v&agrave; xoay ip, thiết lập tự động xoay, x&oacute;a, chỉnh sửa</p>

<p>- Quan trọng phải tại được con proxy local tr&ecirc;n m&aacute;y t&iacute;nh để khi xoay ip mới n&oacute; sẽ kh&ocirc;ng bị thay đổi</p>
",1030,1,2,"<p>Tốt nghiệp đại học</p>
"
4082,Node.js Developer,"<p>Ch&uacute;ng t&ocirc;i đang t&igrave;m kiếm một Node.js Developer trẻ, năng động để gia nhập đội ngũ ph&aacute;t triển của m&igrave;nh. Đ&acirc;y l&agrave; cơ hội l&yacute; tưởng cho c&aacute;c bạn sinh vi&ecirc;n mới ra trường, y&ecirc;u th&iacute;ch lập tr&igrave;nh v&agrave; sẵn s&agrave;ng đối mặt với những thử th&aacute;ch mới!</p>

<p>M&ocirc; tả c&ocirc;ng việc:</p>

<p>&bull; Tham gia ph&aacute;t triển c&aacute;c ứng dụng web bằng Node.js.</p>

<p>&bull; T&igrave;m hiểu, &aacute;p dụng c&aacute;c c&ocirc;ng nghệ mới v&agrave; cải tiến li&ecirc;n tục trong c&ocirc;ng việc.</p>

<p>&bull; Hợp t&aacute;c với c&aacute;c th&agrave;nh vi&ecirc;n kh&aacute;c để ho&agrave;n th&agrave;nh dự &aacute;n đ&uacute;ng tiến độ.</p>
",1030,2,1,"<p>&bull; C&oacute; kiến thức cơ bản về Node.js, JavaScript v&agrave; ph&aacute;t triển web.</p>

<p>&bull; Tinh thần học hỏi, kh&ocirc;ng ngại thử th&aacute;ch v&agrave; sẵn s&agrave;ng tiếp thu c&ocirc;ng nghệ mới.</p>
"
4083,Cần làm Tool Crawl emails từ các nền tảng mạng xã hội,"<p>Crawl emails:</p>

<p>- Số lượng: 1 triệu email/ th&aacute;ng trở l&ecirc;n</p>

<p>- Nền tảng: đa dạng</p>

<p>- Quốc gia: US</p>

<p>- Keywords: Nike, Adidas, Under Armour, Spanx, Athleta,...</p>

<p>- C&oacute; lọc email</p>
",1030,1,2,"<p>Tốt nghiệp c&ocirc;ng nghệ th&ocirc;ng tin</p>
"
4084,App mobile đọc dữ liệu chip CCCD,"<p>App mobile đọc dữ liệu chip CCCD. Sau khi đọc được dữ liệu CCCD th&igrave; call API để gửi th&ocirc;ng tin về server chỉ định.</p>

<p>App sử dụng được cả tr&ecirc;n iOS v&agrave; android</p>
",1030,1,2,"<p>Từng l&agrave;m lĩnh vực li&ecirc;n quan</p>
"
4085,Ứng dụng di động hỗ trợ xác thực sinh trắc học,"<p>M&igrave;nh cần tạo một ứng dụng android với c&aacute;c t&iacute;nh năng sau</p>

<p>1. Cho ph&eacute;p đ&oacute;ng g&oacute;i dữ liệu sinh trắc khu&ocirc;n mặt v&agrave; lưu tr&ecirc;n app</p>

<p>2. Khi ứng dụng bất kỳ y&ecirc;u cầu thực hiện x&aacute;c thực sinh trắc khu&ocirc;n mặt th&igrave; thực hiện cung cấp g&oacute;i dữ liệu đ&atilde; đ&oacute;ng g&oacute;i ở mục 1 để pass x&aacute;c thực sinh trắc.</p>
",1030,2,1,"<p>Kh&ocirc;ng y&ecirc;u cầu kinh nghiệm</p>
"
4086,Tìm freelancer biết React Native làm việc theo giờ,"<p>B&ecirc;n mình c&acirc;̀n tuy&ecirc;̉n freelancer làm vi&ecirc;̣c theo giờ. Bi&ecirc;́t React Native, b&ecirc;n mìnhgiao task bạn báo s&ocirc;́ giờ n&ecirc;́u OK thì làm lu&ocirc;n</p>
",1030,2,1,"<p>Kh&ocirc;ng y&ecirc;u cầu kinh nghiệm</p>
"
4087,Xuất bản ứng dụng lên Google Play để tài khoản không bị đóng ,"<p>T&agrave;i khoản Google Play b&ecirc;n m&igrave;nh đang bị cảnh b&aacute;o do l&acirc;u kh&ocirc;ng update phần mềm. Nhờ bạn upload gi&uacute;p 1 app bất kỳ n&agrave;o đ&oacute; l&ecirc;n Google Play bằng t&agrave;i khoản m&igrave;nh để t&agrave;i khoản duy tr&igrave; hoạt động.</p>
",1030,1,2,"<p>Kh&ocirc;ng y&ecirc;u cầu kinh nghiệm</p>
"
4088,Làm app ios và android bằng react native hoặc flutter,"<p>Cần l&agrave;m app ios v&agrave; android sử dụng React Native hoặc Flutter.</p>
",1030,2,2,"<p>Biết&nbsp;React Native hoặc&nbsp;Flutter</p>
"
4089,Làm app ios và android bằng react native hoặc flutter,"<p>Cần l&agrave;m app ios v&agrave; android sử dụng React Native hoặc Flutter.</p>
",1030,2,2,"<p>Biết&nbsp;React Native hoặc&nbsp;Flutter</p>
"
4090,Làm App tương tác chạy bộ tính điểm tích hợp tiền crypto blockchain ,"<p>L&agrave;m App tương t&aacute;c chạy bộ kiếm điểm t&iacute;ch hợp tiền crypto blockchain</p>
",1030,1,2,"<p>Blockchain</p>
"
4091,Làm app tương tác chạy bộ,"<p>kinh nghiệm về app mobil, tải app qua link xuất hiện trong điện thoại trước khi đăng k&yacute; tr&ecirc;n app store hoặc CH play</p>
",1030,1,2,"<p>Từng l&agrave;m qua app v&agrave; đẩy l&ecirc;n CHPlay</p>
"
4092,Lập trình giao diện mobile cho trang Web + Responsive,"<p>1. M&igrave;nh đang c&oacute; một trang web về kh&aacute;ch sạn: (museinvietnam.com)</p>

<p>- Hiện tại trang web đ&atilde; ho&agrave;n thiện xong, v&agrave; b&ecirc;n m&igrave;nh đang muốn code responsive cho tất cả c&aacute;c loại device, quan trọng nhất l&agrave; mobile.</p>

<p>- Design Figma cho mobile sẽ được chuẩn bị sẵn, chỉ việc v&agrave;o code v&agrave; đảm bảo responsive cho mọi loại m&agrave;n h&igrave;nh.</p>

<p>- C&aacute;c c&ocirc;ng nghệ cần biết: Nextjs, Reactjs, Tailwind css, ant design</p>
",1030,2,1,"<p>2. Cần t&igrave;m người c&oacute; kỹ năng ph&ugrave; hợp, đi được đường d&agrave;i với team, c&oacute; th&ecirc;m kỹ năng Design Figma l&agrave; điểm cộng.</p>
"
4093,Hỗ trợ chỉnh sửa website ,"<p>M&igrave;nh đ&atilde; c&oacute; c&ocirc;ng cụ clone web. Muốn t&igrave;m bạn hỗ trợ chỉnh sửa một ch&uacute;t để th&agrave;nh web ho&agrave;n chỉnh</p>
",1030,1,2,"<p>C&oacute; kinh nghiệm l&agrave;m web</p>
"
4094,Bảo trì trang web fansi.com.vn,"<p>Bảo tr&igrave; trang web fansi.com.vn , thay đổi nguồn dữ liệu đầu v&agrave;o như hosting...., chỉnh sửa một số th&ocirc;ng tin đăng l&ecirc;n theo y&ecirc;u cầu.</p>
",1030,1,2,"<p>C&oacute; kinh nghiệm l&agrave;m web</p>
"
4095,Thiết kế giao diện cho ebook,"<p>T&ocirc;i cần đặt h&agrave;ng một template HTML giao diện cho ebook c&oacute; thể tương th&iacute;ch với c&aacute;c thiết bị di động. Y&ecirc;u cầu l&agrave; kh&ocirc;ng bị vỡ bảng khi hiển thị ở c&aacute;c m&agrave;n h&igrave;nh c&oacute; k&iacute;ch thước kh&aacute;c nhau</p>
",1030,1,2,"<p>Kh&ocirc;ng y&ecirc;u cầu kinh nghiệm</p>
"
4096,Chức năng vẽ hình 2D và 3D trên web,"<p>Cần t&igrave;m developer code php v&agrave; javascript l&agrave;m chức năng vẽ h&igrave;nh 2D v&agrave; 3D tr&ecirc;n web tương tự như video demo</p>
",1030,1,2,"<p>Biết về 2D 3D</p>
"
4097,Thiết kế trang web dữ liệu chứng khoán,"<p>Thiết kế trang web dữ liệu về chứng kho&aacute;n như Fstock.vn ; Gstock.vn ; Simplize.vn ; finchat.io/dashboard ; ...</p>
",1030,2,1,"<p>Từng l&agrave;m lĩnh vực li&ecirc;n quan</p>
"
4098,Làm các website với ngôn ngữ nextjs,"<p>L&agrave;m c&aacute;c website với ng&ocirc;n ngữ nextjs l&agrave;m l&acirc;u d&agrave;i l&agrave;m online</p>
",1030,2,1,"<p>kh&ocirc;ng y&ecirc;u cầu</p>
"
4099,Thêm menu trong web wordpress ,"<p>th&ecirc;m trang menu , trang con trong web wordpress. web đ&atilde; c&oacute; sẵn rồi. m&igrave;nh chỉ cần th&ecirc;m v&agrave;i thứ . kh&ocirc;ng cần nhiều</p>
",1030,2,1,"<p>kh&ocirc;ng y&ecirc;u cầu</p>
"
4100,Xây dựng website cho Lab nghiên cứu ,"<p>Xin ch&agrave;o c&aacute;c bạn, website m&igrave;nh đ&atilde; c&oacute; tiền miền, hosting wordpress. Theme đ&atilde; c&oacute; sẵn, m&igrave;nh muốn chuyển theme đ&oacute; th&agrave;nh website với c&aacute;c th&ocirc;ng tin của b&ecirc;n m&igrave;nh.</p>
",1030,1,2,"<p>senior dev</p>
"
4101,Cần tối ưu về mặt kỹ thuật cho website về vận tải liên tỉnh,"<p>Hiện t&ocirc;i đang c&oacute; website, code thủ c&ocirc;ng kh&ocirc;ng sử dụng wordpress, đang cần thu&ecirc; dịch vụ tư vấn tối ưu về mặt cấu tr&uacute;c cũng như c&aacute;c chỉ số li&ecirc;n quan.</p>
",1030,2,1,"<p>biết về SEO</p>
"
4102,Tư vấn & triển khai SEO cho website mới về tuyển dụng,"<p>M&igrave;nh cần tuyển người lập kế hoạch tư vấn để build traffic cho một website về tuyển dụng mới ho&agrave;n to&agrave;n. Hiện team m&igrave;nh kh&ocirc;ng c&oacute; ai chuy&ecirc;n m&ocirc;n về mảng n&agrave;y. Plan kế hoạch cho 3 - 6 th&aacute;ng. Nếu được sẽ thương lượng tiếp để hợp t&aacute;c viết b&agrave;i v&agrave; l&agrave;m việc l&acirc;u d&agrave;i</p>
",1030,2,1,"<p>biết về SEO</p>
"
4103,Tuyển cộng tác viên SEO website Đông trùng hạ thảo Tây Tạng,"<p>Đ&ocirc;ng tr&ugrave;ng hạ thảo Thi&ecirc;n Sơn l&agrave; một trong những đơn vị h&agrave;ng đầu chuy&ecirc;n cung cấp c&aacute;c sản phẩm Đ&ocirc;ng tr&ugrave;ng hạ thảo T&acirc;y Tạng tại Việt Nam. Với mong muốn mang sản phẩm chất lượng đến với nhiều người hơn, Thi&ecirc;n Sơn Store đang tuyển cộng t&aacute;c vi&ecirc;n SEO website Đ&ocirc;ng tr&ugrave;ng hạ thảo T&acirc;y Tạng tr&ecirc;n to&agrave;n quốc.</p>

<p>M&ocirc; tả c&ocirc;ng việc</p>

<p>Thực hiện c&aacute;c c&ocirc;ng việc SEO website Đ&ocirc;ng tr&ugrave;ng hạ thảo T&acirc;y Tạng theo hướng dẫn của c&ocirc;ng ty</p>

<p>Nghi&ecirc;n cứu từ kh&oacute;a, ph&acirc;n t&iacute;ch đối thủ cạnh tranh, lập kế hoạch SEO</p>

<p>Tối ưu h&oacute;a nội dung, backlink, cấu tr&uacute;c website</p>

<p>Theo d&otilde;i v&agrave; b&aacute;o c&aacute;o kết quả SEO</p>

<p>L&agrave;m việc với c&aacute;c hiện đang ở khu vực HCM (ưu ti&ecirc;n th&agrave;nh phố thủ đức) để c&oacute; thể l&acirc;u l&acirc;u tiện trao đổi c&ocirc;ng việc.</p>
",1030,2,1,"<p>biết về SEO</p>
"
4104,Chuyển đổi file quản lý dữ liệu bán hàng/ kho bãi bằng formula trên GG Spreadsheet thành GG AppScript ,"<p>T&ocirc;i đ&atilde; tự thiết kế file quản l&yacute; tổng hợp kinh doanh/ quản l&yacute; kho h&agrave;ng bằng c&aacute;ch link/ truy suất dữ liệu từ nhiều file/ sheet kh&aacute;c nhau tr&ecirc;n GG Sheet (c&oacute; sẵn file demo, đang vận h&agrave;nh chạy bằng c&ocirc;ng thức v&agrave; truy suất dữ liệu)</p>

<p>Cần người chuyển đổi từ dạng c&ocirc;ng thức sang coding/ mở rộng file API th&ocirc;ng qua GG AppScript nhằm tăng tốc độ xử l&yacute;/ truy xuất v&agrave; ph&acirc;n quyền ngừoi d&ugrave;ng.</p>
",1030,1,2,"<p>hiểu biết về google sheet</p>
"
4105,Cần phần mềm đăng ký telegram xuất file tdata và session trên phone samsung s7,"<p>cần dev đ&atilde; l&agrave;m qua telegram tr&ecirc;n phone v&agrave; hiểu r&otilde; c&aacute;ch xuất file ạc tdata v&agrave; session</p>
",1030,1,1,"<p>dev kinh nghiệm 2 năm</p>
"
4106,"Cần liên kết, đồng bộ dữ liệu giữa phần mềm bán hàng và phần mềm quản lý khách hàng.","<p>M&igrave;nh cần li&ecirc;n kết, đồng bộ dữ liệu giữa phần mềm quản l&yacute; b&aacute;n h&agrave;ng v&agrave; phần mềm quản l&yacute; kh&aacute;ch h&agrave;ng.</p>
",1030,1,2,"<p>Đ&atilde; c&oacute; kinh nghiệm</p>
"
4107,Viết Code VBA - File Excel Productivity Tracker và Báo cáo Project Issue Tracker,"<p>M&igrave;nh đ&atilde; c&oacute; sẵn &yacute; tưởng, nguồn tham khảo, m&igrave;nh cần viết lại, chi ph&iacute; thương lượng.</p>
",1030,1,2,"<p>M&igrave;nh cần một bạn am hiểu v&agrave; viết code VBA cho 2 file</p>

<p>1. File quản l&yacute; c&ocirc;ng việc nh&acirc;n sự</p>

<p>2. File quản l&yacute; b&aacute;o c&aacute;o vấn đề ph&aacute;t sinh h&agrave;ng ng&agrave;y</p>
"
4108,Crawl Data từ 2 Webs cố định,"<p>M&igrave;nh cần Crawl hết data từ 2 sites c&oacute; sẵn.</p>

<p>Bạn c&oacute; thể d&ugrave;ng bất k&igrave; ng&ocirc;n ngữ n&agrave;o bạn dev quen.</p>

<p>M&igrave;nh cần xử l&iacute; gấp.</p>

<p>Bạn n&agrave;o xử l&iacute; gấp được th&igrave; ch&agrave;o gi&aacute; m&igrave;nh lu&ocirc;n nh&eacute;.</p>

<p>Inbox để m&igrave;nh gửi 2 sites chi tiết.</p>
",1030,2,1,"<p>kh&ocirc;ng y&ecirc;u cầu kinh nghiệm</p>
"
4109,Cần tìm đối tác làm Loyalty App cho lĩnh vực F&B,"<p>B&ecirc;n m&igrave;nh cần t&igrave;m đối t&aacute;c build một Loyalty App (Android + IOS) cho kh&aacute;ch h&agrave;ng k&egrave;m 1 website (responsive) cho quản trị.</p>

<p>Lĩnh vực: F&amp;B.</p>

<p>C&aacute;c app tham khảo: Buzza Pizza, Qu&agrave; tặng VIP, One Life.</p>
",1030,2,1,"<p>biết tiếng anh</p>
"
4110,Sửa lỗi web bán hàng,"<p>sửa l&ocirc;̃i web bán hàng , b&ocirc;̉ sung th&ecirc;m tính năng cho web theo y&ecirc;u c&acirc;̀u</p>
",1030,1,2,"<p>kh&ocirc;ng y&ecirc;u cầu kinh nghiệm</p>
"
4111,Lập chiến lược Inbound Marketing - B2B xuất khẩu,"<p>Ch&agrave;o cả nh&agrave;,</p>

<p>M&igrave;nh l&agrave; cty nhỏ đang ph&aacute;t triển, hiện l&agrave;m 3 mảng (theo thứ tự ưu ti&ecirc;n xuất khẩu &gt; cho thu&ecirc; vp &gt; b&aacute;n lẻ; profile đ&iacute;nh k&egrave;m) M đang t&igrave;m người hỗ trợ x&acirc;y dựng ph&ograve;ng mkt inhouse</p>

<p>- L&ecirc;n chiến lược marketing cho mảng xuất khẩu: c&ocirc;ng việc, ng&acirc;n s&aacute;ch, thời điểm, chỉ ti&ecirc;u đo lường, nh&acirc;n sự - lập chỉ ti&ecirc;u đ&aacute;nh gi&aacute; hiệu quả cv, b&aacute;o c&aacute;o, gi&aacute;m s&aacute;t triển khai định kỳ.</p>

<p>- Định hướng l&agrave;m inbound l&agrave; ch&iacute;nh, outbound hỗ trợ. Cần tư vấn sd c&ocirc;ng cụ automation.</p>

<p>- Ưu ti&ecirc;n c&aacute;c anh/chị đ&atilde; l&agrave;m qua ng&agrave;nh b2b xuất khẩu; cho m biết hiệu quả c&aacute;c dự &aacute;n đ&atilde; l&agrave;m nh&eacute;.</p>

<p>Nếu ph&ugrave; hợp sẽ hợp t&aacute;c l&acirc;u d&agrave;i để định kỳ đ&aacute;nh gi&aacute; việc thực thi kế hoạch, training nh&acirc;n sự, l&agrave",3,1,2,"<p>2 năm trong lĩnh vực li&ecirc;n quan</p>
"
4112,Tuyển Leader Marketing ,"<p>Quản l&yacute; MKT team chạy c&aacute;c chiến dịch cho c&aacute;c nền tảng FB, Tiktok, Zalo OA &amp; c&aacute;c s&agrave;n</p>
",3,2,1,"<p>3 năm trong lĩnh vực li&ecirc;n quan</p>
"
4113,CONTENT MARKETING,"<p>M&igrave;nh cần 1 bạn l&agrave;m Content Marketing ( Part - time) chuy&ecirc;n về branding &amp; awareness ( Cho c&ocirc;ng ty c&ocirc;ng nghệ về luật ph&aacute;p)</p>

<p>+ l&agrave;m content fanpage, facebook group</p>

<p>+ nội dung ads ( facebook, youtube, linkedin..)</p>

<p>+ email marketing</p>
",3,1,2,"<p>kh&ocirc;ng y&ecirc;u cầu kinh ngihệm</p>
"
4114,Giúp tư vấn và phối hợp lập kế hoạch triển khai marketing,"<p>Em xin ch&agrave;o anh/chị</p>

<p>Em nay 17t v&agrave; c&oacute; mong ước được mở ri&ecirc;ng cho m&igrave;nh 1 qu&aacute;n tr&agrave; sữa nhỏ nhỏ</p>

<p>Hiện nay em cũng đ&atilde; c&oacute; được 1 cửa h&agrave;ng b&aacute;n mang đi nhưng vẫn chưa c&oacute; ch&uacute;t kinh nghiệm n&agrave;o để vận h&agrave;nh v&agrave; quản l&yacute; cũng như vấn đề về marketing . Nay em l&ecirc;n đ&acirc;y để t&igrave;m 1 người thầy c&oacute; k&iacute;nh nghiệm dạy em về maketing v&agrave; cũng l&agrave; một người bạn trợ gi&uacute;p em thực hiện ho&aacute; mơ ước đ&oacute;..</p>

<p>Rất mong được gi&uacute;p đỡ...</p>
",3,2,1,"<p>3 năm kinh nghiệm</p>
"
4115,Cần Tuyển Digital Marketing lĩnh vực Giáo dục,"<p>&bull; Biết l&agrave;m landing page</p>

<p>&bull; Sử dụng th&agrave;nh thạo c&aacute;c c&ocirc;ng cụ marketing</p>

<p>&bull; Biết thiết kế design / video / content marketing</p>

<p>&bull; Biết sử dụng Chat GP v&agrave; AI để tạo ra video</p>

<p>&bull; Biết x&acirc;y dựng kịch bản, &yacute; tưởng marketing</p>

<p>&bull; Am hiểu marketing c&aacute;c k&ecirc;nh : Facebook, Tiktok, Youtube</p>

<p>&bull; Tư duy s&aacute;ng tạo v&agrave; khả năng viết nội dung quảng c&aacute;o, bắt trend,video tốt</p>

<p>Quyền lợi :</p>

<p>&bull; Lương từ : 5.000.000vnđ - 10.000.000vnđ/th&aacute;ng</p>

<p>&bull; L&agrave;m việc online</p>

<p>&bull; Đặc biệt: C&oacute; cơ hội Được hưởng lợi nhuận từ dự &aacute;n</p>
",3,2,1,"<p>kh&ocirc;ng y&ecirc;u cầu kinh nghiệm</p>
"
4116,Trọn gói: lên kế hoạch và hoạt động Marketing cho start-up ,"<p>B&aacute;o gi&aacute; y&ecirc;u cầu:</p>

<p>1. Thiết kế full bộ: logo + bộ định dạng thương hiệu v&agrave; merchandising.</p>

<p>2. Kế hoạch launching</p>

<p>3. Kế hoạch marketing 2 năm</p>

<p>4. Lộ tr&igrave;nh Mkt offline v&agrave; SEO.</p>

<p>5. Chụp ảnh, viết b&agrave;i theo kế hoạch mkt.</p>
",3,1,2,"<p>C&oacute; kinh nghiệm trong tổ chức sự kiện v&agrave; chụp ảnh l&agrave; một lợi th&ecirc;</p>
"
4117,Tuyển thực tập sinh Marketing (Công ty có đào tạo),"<p>C&Ocirc;NG VIỆC:</p>

<p>X&acirc;y dựng, theo d&otilde;i, chăm s&oacute;c vận h&agrave;nh shop, cập nhật sản phẩm, SEO từ kho&aacute;, content tr&ecirc;n s&agrave;n thương mại điện tử Shopee, Lazada, Tiktok... Thực hiện c&aacute;c c&ocirc;ng cụ Marketing miễn ph&iacute; v&agrave; c&oacute; ph&iacute;, tham gia c&aacute;c chương tr&igrave;nh khuyến m&atilde;i, sale tr&ecirc;n s&agrave;n, chạy quảng c&aacute;o để t&igrave;m kiếm kh&aacute;ch h&agrave;ng, ph&aacute;t triển shop. Theo d&otilde;i, cập nhật hiệu quả của chiến dịch quảng c&aacute;o. X&acirc;y dựng, group, page... b&aacute;n h&agrave;ng v&agrave; chạy ads c&aacute;c nền tảng Facebook, Zalo, Instagram... Được hướng dẫn cụ thể để ho&agrave;n th&agrave;nh tốt c&ocirc;ng việc...</p>

<p>Ứng vi&ecirc;n để lại th&ocirc;ng tin sẽ được trao đổi chi tiết</p>
",3,2,1,"<p>- Kh&ocirc;ng y&ecirc;u cầu Kinh nghiệm. Nếu ứng vi&ecirc;n c&oacute; hiểu biết cơ bản về c&aacute;c c&ocirc;ng việc tr&ecirc;n l&agrave; một lợi thế.</p>

<p>- C&oacute; Laptop c&aacute; nh&acirc;n, L&agrave;m việc tối thiểu 6 buổi/tuần v&agrave; tối thiểu 2 th&aacute;ng (C&ocirc;ng ty hỗ trợ Sinh vi&ecirc;n cần đ&oacute;ng dấu mộc thực tập). Đặc biệt ưu ti&ecirc;n ứng vi&ecirc;n c&oacute; thể thực tập l&acirc;u v&agrave; nhiều buổi/tuần.</p>

<p>- Khả năng tự học tốt, tinh thần tốt, si&ecirc;ng năng chăm chỉ, chịu kh&oacute; học hỏi. C&oacute; tr&aacute;ch nhiệm với c&ocirc;ng việc v&agrave; đam m&ecirc; với c&ocirc;ng việc.</p>
"
4118,Xây dựng và chạy quảng cáo kênh Instagram bán hàng đồ công nghệ,"<p>B&ecirc;n m&igrave;nh cần x&acirc;y dựng, quản l&yacute; v&agrave; chạy quảng c&aacute;o cho k&ecirc;nh instagram</p>

<p>Mặt h&agrave;ng b&ecirc;n m&igrave;nh l&agrave; c&aacute;c sản phẩm c&ocirc;ng nghệ của Apple, samsung, dell .....</p>
",3,1,2,"<p>C&oacute; khả năng chỉnh sửa ảnh.</p>

<p>C&oacute; kinh nghiệm chạy quảng c&aacute;o k&ecirc;nh Instagram</p>
"
4119,TUYỂN FREELANCER LÊN KẾ HOẠCH VÀ THỰC HIỆN CHIẾN DỊCH MARKETING,"<p>M&igrave;nh đang t&igrave;m kiếm freelancer để l&ecirc;n kế hoạch v&agrave; thực hiện chiến dịch marketing để quảng b&aacute; h&igrave;nh ảnh, sản phẩm, dịch vụ, thương hiệu, tầm nh&igrave;n &amp; sứ mệnh của c&ocirc;ng ty</p>

<p>A) Nội dung c&ocirc;ng việc:</p>

<p>- Ph&acirc;n t&iacute;ch v&agrave; đề xuất chiến lược marketing ph&ugrave; hợp với sản phẩm v&agrave; thị trường.</p>

<p>- L&ecirc;n kế hoạch chi tiết cho chiến dịch marketing bao gồm: Thời gian, ng&acirc;n s&aacute;ch, c&aacute;c hoạt động cụ thể.</p>

<p>- Triển khai thực hiện chiến dịch marketing theo kế hoạch.</p>

<p>- B&aacute;o c&aacute;o v&agrave; đ&aacute;nh gi&aacute; hiệu quả chiến dịch.</p>

<p>- Ng&acirc;n s&aacute;ch dự kiến: 25 triệu đồng</p>

<p>B) Thời gian cho một planning: 1-3 th&aacute;ng</p>

<p>C) Thưởng th&ecirc;m: Nếu vượt chỉ ti&ecirc;u doanh số đề ra, sẽ c&oacute; thưởng th&ecirc;m tỷ lệ % doanh số vượt chỉ ti&ecirc;u.</p>
",3,1,2,"<p>- C&oacute; kinh nghiệm l&ecirc;n kế hoạch v&agrave; triển khai chiến dịch marketing &iacute;t nhất 1 năm.</p>

<p>- Am hiểu c&aacute;c k&ecirc;nh marketing online, mạng x&atilde; hội.</p>

<p>- Chủ động, s&aacute;ng tạo v&agrave; c&oacute; tinh thần tr&aacute;ch nhiệm cao.</p>
"
4120,Nhân viên Content Marketing Part-time,"<p>M&ocirc; tả c&ocirc;ng việc</p>

<p>- X&acirc;y dựng, quản l&yacute; nội dung (bao gồm viết nội dung, tr&igrave;nh b&agrave;y nội dung, &yacute; tưởng về h&igrave;nh ảnh) tr&ecirc;n Fanpage, Website.</p>

<p>- Phối hợp để l&ecirc;n &yacute; tưởng, kế hoạch nội dung, b&agrave;i đăng chi tiết cho social media (Facebook, Instagram, Tiktok&hellip;)</p>

<p>- Chịu tr&aacute;ch nhiệm sản xuất nội dung truyền th&ocirc;ng (Digital/Offline,&hellip;) như idea video / h&igrave;nh ảnh,&hellip;</p>

<p>- Triển khai c&aacute;c hoạt động marketing kh&aacute;c theo sự ph&acirc;n c&ocirc;ng của quản l&yacute;</p>

<p>- Tự sắp xếp, l&ecirc;n kế hoạch l&agrave;m việc v&agrave; b&aacute;o c&aacute;o tiến độ với quản l&yacute;</p>
",3,2,1,"<p>- Sinh vi&ecirc;n khoa Marketing, Truyền th&ocirc;ng, B&aacute;o ch&iacute; năm 3, 4 c&oacute; nhu cầu l&agrave;m việc part time hoặc đ&atilde; tốt nghiệp Cao đẳng, Đại học chuy&ecirc;n ng&agrave;nh li&ecirc;n quan</p>

<p>- C&oacute; kiến thức marketing căn bản v&agrave; ph&acirc;n t&iacute;ch thị trường</p>

<p>- C&oacute; kinh nghiệm ph&aacute;t triển cộng đồng tr&ecirc;n c&aacute;c trang mạng x&atilde; hội</p>

<p>- Am hiểu về c&aacute;c mạng x&atilde; hội &amp; thương mại điện tử</p>

<p>- C&oacute; khả năng viết tốt v&agrave; tư duy s&aacute;ng tạo</p>

<p>- Đọc v&agrave; hiểu được Tiếng anh căn bản</p>

<p>- Biết design/edit ảnh v&agrave; video căn bản</p>
"
4121,Cần tìm 1 bạn digital marketing freelance cho phòng hồi phục cơ bắp,"<p>Kajo Rehab - một team nhỏ, chuy&ecirc;n hỗ trợ phục hồi cơ bắp, xương khớp v&agrave; thần kinh cho người chơi thể thao v&agrave; vận động vi&ecirc;n vừa mới được th&agrave;nh lập, tại Phan X&iacute;ch Long Quận Ph&uacute; Nhuận HCM.</p>

<p>Về Branding &amp; Marketing: Bọn m&igrave;nh đ&atilde; đầu tư 1 bộ Brand Guidelines kh&aacute; &lsquo;unique&rsquo;, tự tin kh&aacute;c biệt ho&agrave;n to&agrave;n những đối thủ kh&aacute;c trong lĩnh vực n&agrave;y, đ&acirc;y l&agrave; 1 sự hỗ trợ rất lớn cho bất k&igrave; bạn Marketing n&agrave;o tham gia.</p>

<p>Về product: Những phương ph&aacute;p b&ecirc;n m&igrave;nh &aacute;p dụng để xử l&yacute; chấn thương, k&iacute;ch th&iacute;ch phục hồi l&agrave; cực k&igrave; mới ở Việt Nam, rất &iacute;t b&ecirc;n l&agrave;m. Nếu c&oacute; cơ hội l&agrave;m việc c&ugrave;ng nhau v&agrave; bạn ở HCM, m&igrave;nh c&oacute; thể show nhiều insights hơn về khoa học đằng sau v&agrave; điểm mạnh &amp; yếu của đối thủ.</p>

<p>Hiện tại quy m&ocirc; b&ecirc;n m&igrave;nh vẫn c&",3,1,2,"<p>2 năm kinh nghiệm trong lĩnh vực li&ecirc;n quan</p>
"
4122,Phụ trách nội dung trên các nền tảng social,"<p>Phụ tr&aacute;ch quản l&yacute; content tr&ecirc;n Facebook/Insta bao gồm c&aacute;c nội dung: Sales/Brand/Products/Trending (45-60 post/th&aacute;ng).</p>

<p>Kịch bản Tiktok 15-20/th&aacute;ng</p>

<p>C&aacute;c post sẽ chủ yếu d&ugrave;ng h&igrave;nh ảnh team media cung cấp. Nội dung sẽ ngắn gọn (3-5 c&acirc;u)</p>
",3,2,1,"<p>kh&ocirc;ng y&ecirc;u cầu kinh nghiệm</p>
"
4123,"Tư vấn, lập kế hoạch & triển khai marketing online cho sản phẩm Tranh trang trí","<p>Tư vấn, lập kế hoạch &amp; triển khai marketing online cho sản phẩm Tranh trang tr&iacute;.</p>

<p>M&igrave;nh l&agrave; chủ xưởng sản xuất tranh, sản phẩm đang được b&aacute;n tốt tr&ecirc;n c&aacute;c s&agrave;n thương mại điện tử.</p>

<p>M&igrave;nh muốn hợp t&aacute;c với một bạn c&oacute; kinh nghiệm về l&agrave;m marketing online để triển khai marketing tr&ecirc;n c&aacute;c k&ecirc;nh kh&aacute;c như: mạng x&atilde; hội, website, email,...</p>
",3,1,2,"<p>c&oacute; sử dụng c&aacute;c trang x&atilde; hội</p>
"
4124,Xây dựng trang fanpage cho nhãn hàng Quần áo Đường phố đang hoạt động tại Shopee ,"<p>Dự &aacute;n X&acirc;y dựng trang fanpage cho nh&atilde;n h&agrave;ng Quần &aacute;o Đường phố đang hoạt động tại Shopee.</p>

<p>---</p>

<p>Mục ti&ecirc;u:</p>

<p>- Mở tệp kh&aacute;ch h&agrave;ng tại Facebook</p>

<p>- Tăng nhận diện v&agrave; kết nối với kh&aacute;ch h&agrave;ng mục ti&ecirc;u tại Facebook</p>

<p>- Dẫn kh&aacute;ch từ Facebook về chốt tại Shopee</p>

<p>---</p>

<p>Dự &aacute;n đang n&oacute;i đến l&agrave; 1 nh&atilde;n h&agrave;ng thời trang đường phố unisex ph&acirc;n kh&uacute;c gi&aacute; 150-250k l&agrave; nh&atilde;n Việt đang b&aacute;n h&agrave;ng tại Shopee đ&atilde; hoạt động ổn định &gt;12 th&aacute;ng v&agrave; c&oacute; doanh số trung b&igrave;nh 1-2 tỉ/th&aacute;ng.</p>
",3,1,2,"<p>c&oacute; kỹ năng b&aacute;n h&agrave;ng</p>
"
4125,Xây dựng trang Instagram - Threads cho nhãn hàng Quần áo Đường phố đang hoạt động tại Shopee.,"<p>Dự &aacute;n X&acirc;y dựng trang Instagram - Threads cho nh&atilde;n h&agrave;ng Quần &aacute;o Đường phố đang hoạt động tại Shopee.</p>

<p>---</p>

<p>Mục ti&ecirc;u:</p>

<p>- Mở tệp kh&aacute;ch h&agrave;ng tại Instagram - Threads</p>

<p>- Tăng nhận diện v&agrave; kết nối với kh&aacute;ch h&agrave;ng mục ti&ecirc;u tại Instagram - Threads</p>

<p>- Dẫn kh&aacute;ch từ Instagram - Threads về chốt tại Shopee</p>

<p>---</p>

<p>Dự &aacute;n đang n&oacute;i đến l&agrave; 1 nh&atilde;n h&agrave;ng thời trang đường phố unisex ph&acirc;n kh&uacute;c gi&aacute; 150-250k l&agrave; nh&atilde;n Việt đang b&aacute;n h&agrave;ng tại Shopee đ&atilde; hoạt động ổn định &gt;12 th&aacute;ng v&agrave; c&oacute; doanh số trung b&igrave;nh 1-2 tỉ/th&aacute;ng.</p>
",3,1,2,"<p>c&oacute; kỹ năng b&aacute;n h&agrave;ng</p>
"
4126,Digital Marketing Specialist ,"<p>s&aacute;ng tạo nội dung</p>
",3,1,2,"<p>● Bằng cử nh&acirc;n chuy&ecirc;n ng&agrave;nh Marketing, Quản trị Kinh doanh hoặc lĩnh vực li&ecirc;n quan.</p>

<p>● Kinh nghiệm đ&atilde; chứng minh (3+ năm) l&agrave;m Chuy&ecirc;n Gia Quảng C&aacute;o Số hoặc vị tr&iacute; tương tự, với trọng t&acirc;m mạnh mẽ v&agrave;o th&uacute;c đẩy mua h&agrave;ng của kh&aacute;ch h&agrave;ng.</p>

<p>● Ứng vi&ecirc;n đ&atilde; từng triển khi quảng c&aacute;o số trong ng&agrave;nh c&aacute; cảnh v&agrave; đạt nhiều th&agrave;nh tự về doanh số l&agrave; một lợi thế.</p>

<p>● Kiến thức s&acirc;u rộng về c&aacute;c nền tảng quảng c&aacute;o số, c&aacute;c loại quảng c&aacute;o v&agrave; c&aacute;c phương ph&aacute;p tốt nhất.</p>

<p>● Kỹ năng ph&acirc;n t&iacute;ch mạnh mẽ v&agrave; kinh nghiệm với Google Analytics, Facebook Insights v&agrave; c&aacute;c c&ocirc;ng cụ đo lường tiếp thị kh&aacute;c.</p>

<p>● Kỹ năng giao tiếp v&agrave; tổ chức xuất sắc.</p>

<p>● Người s&aacute;ng tạo c&oacute; khả năng xử l&yacute; sự cố nhanh ch&oacute;ng v&agrave; hiệu quả.</p"
4127,TUYỂN DỤNG CONTENT MARKETING -LÀM ONLINE - FULLTIME,"<p>-Chịu tr&aacute;ch nhiệm hoạch định kế hoạch nội dung &amp; sản xuất nội dung chất lượng cao</p>

<p>-X&acirc;y dựng h&igrave;nh ảnh ph&aacute;t triển c&aacute;c k&ecirc;nh b&aacute;n h&agrave;ng cho c&ocirc;ng ty, trọng t&acirc;m l&agrave; Facebook v&agrave; Tiktok</p>

<p>Vai tr&ograve; nhiệm vụ:</p>

<p>- Lập kế hoạch tr&ecirc;n Facebook v&agrave; Tiktok</p>

<p>- L&agrave;m việc với Photographer &amp; Designer để sản xuất content mảng Mẹ &amp; b&eacute;</p>

<p>- T&igrave;m kiếm v&agrave; l&agrave;m việc với KOCs</p>

<p>- Quản l&yacute; &amp; b&aacute;o c&aacute;o hiệu quả content</p>
",3,2,1,"<p>- C&oacute; kiến thức cơ bản về Marketing, lập kế hoạch nội dung &amp; viết content social post</p>

<p>- Y&ecirc;u th&iacute;ch v&agrave; hứng th&uacute; với mảng Mẹ &amp; B&eacute;</p>

<p>QUYỀN LỢI</p>

<p>- L&agrave;m việc tại Nguy&ecirc;n Hồng, Đống Đa. C&oacute; thể l&agrave;m remote 2-3 ng&agrave;y trong tuần.</p>

<p>- Kh&ocirc;ng cần biết chụp ảnh, design, chỉ cần l&ecirc;n nội dung, &yacute; tưởng.</p>

<p>- C&aacute;c bạn sinh vi&ecirc;n c&oacute; kinh nghiệm tương tự c&oacute; thể apply</p>
"
4128,Quảng cáo cho facebook cho quán cafe kèm quản lí đăng bài hằng ngày,"<p>Thực hiện c&aacute;c quảng c&aacute;o để l&agrave;m tăng follow v&agrave; view cho b&agrave;i viết, ngo&agrave;i ra thực hiện quản l&iacute; page, 1-2 ng&agrave;y &iacute;t nhất 1 b&agrave;i viết li&ecirc;n quan, c&oacute; t&aacute;c dụng tăng tương t&aacute;c. Trả lương theo kết quả thực tế. Thực tế ở đ&acirc;y l&agrave; follow, tương t&aacute;c, v&agrave; lượng kh&aacute;ch đến qu&aacute;n mỗi ng&agrave;y. Nếu c&oacute; thể l&agrave;m l&acirc;u d&agrave;i th&igrave; c&agrave;ng tốt. Trả lương theo kpi.</p>
",3,2,1,"<p>kh&ocirc;ng y&ecirc;u cầu</p>
"
4129,Maketing tìm kiếm khách hàng,"<p>Tạo v&agrave; quản l&yacute; trang fanpage. L&ecirc;n &yacute; tưởng viết nội dung t&igrave;m kiếm kh&aacute;ch h&agrave;ng c&oacute; nhu cầu học ti&ecirc;ng anh. ( focus v&agrave;o đối tượng t&agrave;i xế) đăng b&agrave;i l&ecirc;n hội nh&oacute;m l&aacute;i xe tư vấn v&agrave; chốt lịch.</p>
",3,2,1,"<p>kh&ocirc;ng y&ecirc;u cầu</p>
"
4130,Mình cần 1 bạn Digital marketing phụ trách đa kênh cho công ty,"<p>Ch&agrave;o c&aacute;c bạn,</p>

<p>M&igrave;nh cần 1 bạn Remote fulltime phụ tr&aacute;ch:</p>

<p>1. L&agrave;m video review sản phẩm, video li&ecirc;n quan đến c&aacute;c sản phẩm Up tiktok, reel v&agrave; Youtube</p>

<p>2. Triển khai Quảng c&aacute;o FB ads, google ads v&agrave; Email marketing.</p>

<p>Bạn n&agrave;o l&agrave;m được ib gi&uacute;p nh&eacute; ạ.</p>

<p>Sản phẩm c&ocirc;ng ty l&agrave; Qu&agrave; Tặng Doanh Nghiệp.</p>

<p>Xin cảm ơn.</p>
",3,2,1,"<p>kh&ocirc;ng y&ecirc;u cầu</p>
"
4131,Quản lý và phát triển Youtube,"<p>quản l&yacute; k&ecirc;nh youtube</p>
",3,2,1,"<p>- C&oacute; tr&aacute;ch nhiệm trong c&ocirc;ng việc</p>

<p>- C&oacute; kinh nghiệm l&agrave; một lợi thế.</p>

<p>- C&oacute; khả năng l&agrave;m việc nh&oacute;m.</p>
"
4132,Cần tìm 1 bạn xây kênh tiktok về mảng FNB (nhà hàng),"<p>Tuyển Freelancer X&acirc;y Dựng K&ecirc;nh TikTok Về Booking Nh&agrave; H&agrave;ng GlobalX</p>

<p>M&ocirc; tả c&ocirc;ng việc:</p>

<p>X&acirc;y dựng v&agrave; ph&aacute;t triển k&ecirc;nh TikTok chuy&ecirc;n về đặt chỗ nh&agrave; h&agrave;ng cho hệ thống GlobalX. (lalaland, yoyo, phuc gia, chillhouse..)</p>

<p>Chủ động t&igrave;m kiếm v&agrave; tạo dựng c&aacute;c video li&ecirc;n quan đến nh&agrave; h&agrave;ng, ẩm thực v&agrave; trải nghiệm ăn uống. (sẽ được cung cấp th&ecirc;m nhiều media...</p>

<p>Chỉnh sửa video để đảm bảo ph&ugrave; hợp với quy định v&agrave; ti&ecirc;u chuẩn của TikTok.</p>

<p>Li&ecirc;n tục cập nhật v&agrave; đăng tải c&aacute;c video mới, theo kịp c&aacute;c xu hướng nổi bật tr&ecirc;n TikTok.</p>

<p>Quản l&yacute; v&agrave; theo d&otilde;i k&ecirc;nh thường xuy&ecirc;n, đảm bảo k&ecirc;nh đạt được 200,000 lượt đăng k&yacute;.</p>

<p>Tương t&aacute;c v&agrave; trả lời comment của người theo d&otilde;i để duy tr&igrave; sự kết nối v&agrave; tăng cường tương t&aacute;c.</p>",3,1,2,"<p>C&oacute; kinh nghiệm x&acirc;y dựng v&agrave; quản l&yacute; k&ecirc;nh TikTok.</p>

<p>S&aacute;ng tạo, nhanh nhạy trong việc nắm bắt v&agrave; &aacute;p dụng c&aacute;c xu hướng mới.</p>

<p>Kỹ năng quay, dựng v&agrave; chỉnh sửa video chuy&ecirc;n nghiệp.</p>

<p>C&oacute; hiểu biết về lĩnh vực nh&agrave; h&agrave;ng, ẩm thực l&agrave; một lợi thế.</p>

<p>Tinh thần l&agrave;m việc tự gi&aacute;c, chủ động v&agrave; c&oacute; tr&aacute;ch nhiệm cao.</p>

<p>Khả năng l&agrave;m việc online, linh hoạt về thời gian.</p>
"
4133,Marketing Coordinator (mạnh Design) ,"<p>C&ocirc;ng ty Luật ở Quận Ph&uacute; Nhuận cần 02 bạn Junior Marketing Full Time</p>
",3,2,1,"<p>- Tiếng Anh tốt (đọc viết tốt, nghe n&oacute;i kh&aacute;)</p>

<p>- C&oacute; từ 6 th&aacute;ng kinh nghiệm về content marketing, Design; biết Edit, quay dựng Video l&agrave; lợi thế</p>

<p>- Sử dụng th&agrave;nh thạo c&aacute;c c&ocirc;ng cụ Adobe Photoshop, WordPress;</p>

<p>- C&oacute; kinh nghiệm về quản l&yacute; page, đặc biệt l&agrave; LinkedIN l&agrave; lợi thế</p>

<p>- Hiểu biết về c&aacute;c tools marketing</p>
"
4134,Tìm Planner làm Proposal cho chiến dịch,"<p>- C&ugrave;ng team brainstorm idea v&agrave; kế hoạch cho dự &aacute;n triển khai</p>

<p>- Research insight TA v&agrave; thị trường mục ti&ecirc;u của dự &aacute;n</p>

<p>- C&oacute; khả năng l&ecirc;n c&aacute;c content pillar, angle, tatics v&agrave; demo post</p>

<p>- C&oacute; kinh nghiệm l&agrave;m proposal cho Agency v&agrave; c&aacute;c dự &aacute;n li&ecirc;n quan đến ng&agrave;nh T&agrave;i ch&iacute;nh - Ng&acirc;n h&agrave;ng (nếu c&oacute;)</p>

<p>- Gửi k&egrave;m portfolio hoặc c&aacute;c dự &aacute;n đ&atilde; l&agrave;m (c&oacute; thể ẩn t&ecirc;n thương hiệu) khi nhận dự &aacute;n</p>
",3,1,1,"<p>c&oacute; khả năng lập dự &aacute;n kế hoặch&nbsp;</p>
"
4135,Tuyển freelancer Nghiên cứu thị trường,"<p>Ch&agrave;o c&aacute;c bạn freelancer</p>

<p>B&ecirc;n m&igrave;nh đang cần t&igrave;m 1 số bạn freelancer cho c&ocirc;ng t&aacute;c nghi&ecirc;n cứu thị trường, nội dung c&ocirc;ng việc cụ thể như sau:</p>

<p>1. H&igrave;nh thức tuyển dụng: Freelancer.</p>

<p>2. Thời gian l&agrave;m việc: 2 tuần ~ 1 th&aacute;ng.</p>

<p>3. Nội dung c&ocirc;ng việc</p>

<p>・Research quy m&ocirc; thị trường SaaS</p>

<p>・Research quy m&ocirc; thị trường v&agrave; tiềm năng tăng trưởng trong lĩnh vực HR</p>

<p>・Research c&aacute;c dịch vụ cạnh tranh của HR system (điểm mạnh, cơ cấu menu, gi&aacute; cả của từng c&ocirc;ng ty...)</p>

<p>・Research nhu cầu của kh&aacute;ch h&agrave;ng về HR theo ng&agrave;nh nghề</p>

<p>・B&aacute;o c&aacute;o t&oacute;m tắt kết quả Research</p>
",3,1,2,"<p>・C&oacute; kinh nghiệm về B2C Marketing</p>

<p>・C&oacute; kinh nghiệm l&agrave;m việc li&ecirc;n quan đến nghi&ecirc;n cứu B2C Marketing v&agrave; ph&acirc;n t&iacute;ch dữ liệu</p>

<p>・C&oacute; tư duy logic v&agrave; khả năng tư duy ph&acirc;n t&iacute;ch số liệu</p>

<p>・C&oacute; khả năng t&oacute;m tắt v&agrave; b&aacute;o c&aacute;o những nội dung quan trọng một c&aacute;ch khoa học.</p>
"
4136,Tuyển công tác cho cho chương trình marketing online ,"<p>T&igrave;m c&ocirc;ng t&aacute;c vi&ecirc;n để chạy chương tr&igrave;nh marketing online, x&acirc;y dựng k&ecirc;nh youtube, tiktok, fanpage...Sản phẩm: dịch vụ cố vấn ph&aacute;t triển nghề nghiệp.</p>
",3,2,1,"<p>kh&ocirc;ng y&ecirc;u cầu kinh nghiệm</p>
"
4137,Quảng cáo Tiktok cho xưởng bán lẻ,"<p>&nbsp;</p>

<p>M&igrave;nh cần một b&ecirc;n c&oacute; sẵn t&agrave;i nguy&ecirc;n để chạy quảng c&aacute;o Tiktok cho xưởng may quần &aacute;o.</p>
",3,1,2,"<p>kh&ocirc;ng y&ecirc;u cầu kinh nghiệm</p>
"
4138,CẦN TUYỂN ĐỐI TÁC CHẠY DIGITAL MARKETING,"<p>&nbsp;</p>

<p>Trường quốc tế cần tuyển 1 nh&acirc;n sự chạy digital marketing. Căn bản l&agrave; tr&ecirc;n nền tảng FB. Ngo&agrave;i ra c&oacute; thể chạy th&ecirc;m tr&ecirc;n Google v&agrave; c&aacute;c nền tảng kh&aacute;c.</p>

<p>L&agrave;m online, đ&aacute;nh gi&aacute; năng lực dựa tr&ecirc;n kết quả. Khối lượng tương đương với 1 c&ocirc;ng việc b&aacute;n thời gian.</p>
",3,1,2,"<p>kh&ocirc;ng y&ecirc;u cầu kinh nghiệm</p>
"
4139,"Tư vấn, lập kế hoạch & triển khai marketing online cho sản phẩm Tranh trang trí","<p>&nbsp;</p>

<p>Tư vấn, lập kế hoạch &amp; triển khai marketing online cho sản phẩm Tranh trang tr&iacute;.</p>

<p>M&igrave;nh l&agrave; chủ xưởng sản xuất tranh, sản phẩm đang được b&aacute;n tốt tr&ecirc;n c&aacute;c s&agrave;n thương mại điện tử.</p>
",3,1,2,"<p>M&igrave;nh muốn hợp t&aacute;c với một bạn c&oacute; kinh nghiệm về l&agrave;m marketing online để triển khai marketing tr&ecirc;n c&aacute;c k&ecirc;nh kh&aacute;c như: mạng x&atilde; hội, website, email,...</p>
"
4141,Dự án demo 5,"<p>M&ocirc; tả</p>
",2,1,2,
4142,Dự án demo 6,"<p>M&ocirc; tả</p>
",2,1,2,
4143,Dự án demo 7,"<p>m&ocirc; tả</p>
",1031,1,2,
